,Fecha_registro,Fecha_contacto,Id,Genero,Casado,Dependientes,Educacion,Trabaja_para_el,Salario,Salario_Pareja,Credito_pedido,Plazo_prestamo,Historial_crediticio,Area_vivienda,Estatus_prestamo,Asesor_asignado
0,02/26/2019 11:00 AM,02/27/2019 12:03 PM,LP002519,Hombre,1,4,1,No,4691.0,0.0,100.0,360.0,1,Semiurbana,1,Dudley
1,02/27/2019 02:52 PM,02/26/2019 07:43 AM,LP001280,Hombre,1,2,0,No,3333.0,2000.0,99.0,360.0,1,Semiurbana,1,Pablo
2,02/27/2019 08:18 AM,02/28/2019 02:27 PM,LP001151,Mujer,0,0,1,No,4000.0,2275.0,144.0,360.0,1,Semiurbana,1,Dudley
3,02/28/2019 10:00 AM,03/01/2019 12:57 PM,LP002036,Hombre,1,0,1,No,2058.0,2134.0,88.0,360.0,1,Urbana,1,Ana
4,02/26/2019 07:40 AM,02/27/2019 04:35 PM,LP002894,Mujer,1,0,1,No,3166.0,0.0,36.0,360.0,1,Semiurbana,1,Regina
5,02/27/2019 08:07 AM,02/28/2019 12:42 PM,LP001404,Mujer,1,0,1,No,3167.0,2283.0,154.0,360.0,1,Semiurbana,1,Pablo
6,02/27/2019 10:19 AM,02/28/2019 05:26 PM,LP001112,Mujer,1,0,1,No,3667.0,1459.0,144.0,360.0,1,Semiurbana,1,Pablo
7,02/28/2019 10:34 AM,03/01/2019 01:43 PM,LP002272,Hombre,1,2,1,No,3276.0,484.0,135.0,360.0,1,Semiurbana,1,Ana
8,02/27/2019 09:14 AM,02/28/2019 03:54 PM,LP002958,Hombre,0,0,1,No,3676.0,4301.0,172.0,360.0,1,Rural,1,Pablo
9,02/27/2019 08:44 AM,02/28/2019 03:40 PM,LP001560,Hombre,1,0,0,No,1863.0,1041.0,98.0,360.0,1,Semiurbana,1,Regina
10,02/26/2019 10:10 AM,02/27/2019 05:20 PM,LP001891,Hombre,1,0,1,No,11146.0,0.0,136.0,360.0,1,Urbana,1,Ana
11,02/28/2019 11:41 AM,03/01/2019 06:53 PM,LP001520,Hombre,1,0,1,No,4860.0,830.0,125.0,360.0,1,Semiurbana,1,Pablo
12,02/27/2019 08:43 AM,02/28/2019 12:02 PM,LP001978,Hombre,0,0,1,No,4000.0,2500.0,140.0,360.0,1,Rural,1,Pablo
13,02/26/2019 11:45 AM,02/27/2019 05:51 PM,LP001243,Hombre,1,0,1,No,3208.0,3066.0,172.0,360.0,1,Urbana,1,Dudley
14,02/27/2019 09:01 AM,02/28/2019 02:19 PM,LP001953,Hombre,1,1,1,No,6875.0,0.0,200.0,360.0,1,Semiurbana,1,Ana
15,02/28/2019 10:14 AM,03/01/2019 03:55 PM,LP002448,Hombre,1,0,1,No,3948.0,1733.0,149.0,360.0,0,Rural,0,
16,02/28/2019 08:55 AM,03/01/2019 06:07 PM,LP001758,Hombre,1,2,1,No,6250.0,1695.0,210.0,360.0,1,Semiurbana,1,Pablo
17,02/28/2019 10:02 AM,03/01/2019 01:11 PM,LP001954,Mujer,1,1,1,No,4666.0,0.0,135.0,360.0,1,Urbana,1,Ana
18,02/27/2019 08:39 AM,02/28/2019 02:47 PM,LP001478,Hombre,0,0,1,No,2718.0,0.0,70.0,360.0,1,Semiurbana,1,Ana
19,02/26/2019 07:21 AM,02/27/2019 04:15 PM,LP001788,Mujer,0,0,1,Si,3463.0,0.0,122.0,360.0,1,Urbana,1,Ana
20,02/26/2019 07:38 AM,02/27/2019 01:47 PM,LP001282,Hombre,1,0,1,No,2500.0,2118.0,104.0,360.0,1,Semiurbana,1,Santiago
21,02/26/2019 08:10 AM,02/27/2019 05:44 PM,LP002424,Hombre,1,0,1,No,7333.0,8333.0,175.0,300.0,1,Rural,1,Regina
22,02/28/2019 10:42 AM,03/01/2019 05:56 PM,LP002684,Mujer,0,0,0,No,3400.0,0.0,95.0,360.0,1,Rural,0,
23,02/26/2019 07:14 AM,02/27/2019 12:06 PM,LP002670,Mujer,1,2,1,No,2031.0,1632.0,113.0,480.0,1,Semiurbana,1,Dudley
24,02/26/2019 10:44 AM,02/27/2019 05:02 PM,LP001844,Hombre,0,0,1,Si,16250.0,0.0,192.0,360.0,0,Urbana,0,
25,02/26/2019 07:03 AM,02/27/2019 12:42 PM,LP002547,Hombre,1,1,1,No,18333.0,0.0,500.0,360.0,1,Urbana,0,
26,02/26/2019 09:43 AM,02/27/2019 02:21 PM,LP002543,Hombre,1,2,1,No,8333.0,0.0,246.0,360.0,1,Semiurbana,1,Pablo
27,02/26/2019 08:27 AM,02/27/2019 03:46 PM,LP001003,Hombre,1,1,1,No,4583.0,1508.0,128.0,360.0,1,Rural,0,
28,02/27/2019 09:44 AM,02/28/2019 02:03 PM,LP002446,Hombre,1,2,0,No,2309.0,1255.0,125.0,360.0,0,Rural,0,
29,02/28/2019 11:37 AM,03/01/2019 04:40 PM,LP002398,Hombre,0,0,1,No,1926.0,1851.0,50.0,360.0,1,Semiurbana,1,Dudley
30,02/26/2019 10:05 AM,02/27/2019 05:18 PM,LP001784,Hombre,1,1,1,No,5500.0,1260.0,170.0,360.0,1,Rural,1,Ana
31,02/28/2019 11:20 AM,03/01/2019 02:40 PM,LP001726,Hombre,1,0,1,No,3727.0,1775.0,131.0,360.0,1,Semiurbana,1,Dudley
32,02/28/2019 08:09 AM,03/01/2019 06:34 PM,LP001647,Hombre,1,0,1,No,9328.0,0.0,188.0,180.0,1,Rural,1,Regina
33,02/26/2019 07:05 AM,02/27/2019 05:59 PM,LP001008,Hombre,0,0,1,No,6000.0,0.0,141.0,360.0,1,Urbana,1,Pablo
34,02/27/2019 07:29 AM,02/28/2019 12:42 PM,LP001572,Hombre,1,0,1,No,9323.0,0.0,75.0,180.0,1,Urbana,1,Pablo
35,02/27/2019 07:59 AM,02/28/2019 12:10 PM,LP001768,Hombre,1,0,1,,3716.0,0.0,42.0,180.0,1,Rural,1,Dudley
36,02/28/2019 07:46 AM,03/01/2019 03:21 PM,LP002833,Hombre,1,0,0,No,4467.0,0.0,120.0,360.0,1,Rural,1,Pablo
37,02/28/2019 11:10 AM,03/01/2019 04:50 PM,LP001431,Mujer,0,0,1,No,2137.0,8980.0,137.0,360.0,0,Semiurbana,1,Santiago
38,02/28/2019 08:24 AM,03/01/2019 06:27 PM,LP002917,Mujer,0,0,0,No,2165.0,0.0,70.0,360.0,1,Semiurbana,1,Ana
39,02/26/2019 08:41 AM,02/27/2019 06:09 PM,LP002112,Hombre,1,2,1,Si,2500.0,4600.0,176.0,360.0,1,Rural,1,Regina
40,02/27/2019 08:47 AM,02/28/2019 01:37 PM,LP002141,Hombre,1,4,1,No,2666.0,2083.0,95.0,360.0,1,Rural,1,Regina
41,02/26/2019 07:59 AM,02/27/2019 04:02 PM,LP001751,Hombre,1,0,1,No,3250.0,0.0,170.0,360.0,1,Rural,0,
42,02/26/2019 08:50 AM,02/27/2019 03:47 PM,LP001888,Mujer,0,0,1,No,3237.0,0.0,30.0,360.0,1,Urbana,1,Santiago
43,02/27/2019 07:46 AM,02/28/2019 04:52 PM,LP002841,Hombre,1,0,1,No,3166.0,2064.0,104.0,360.0,0,Urbana,0,
44,02/28/2019 07:50 AM,03/01/2019 05:47 PM,LP002455,Hombre,1,2,1,No,3859.0,0.0,96.0,360.0,1,Semiurbana,1,Regina
45,02/28/2019 10:18 AM,03/01/2019 03:18 PM,LP002821,Hombre,0,0,0,Si,5800.0,0.0,132.0,360.0,1,Semiurbana,1,Ana
46,02/26/2019 07:14 AM,02/27/2019 05:13 PM,LP001734,Mujer,1,2,1,No,4283.0,2383.0,127.0,360.0,1,Semiurbana,1,Dudley
47,02/26/2019 10:10 AM,02/27/2019 05:07 PM,LP001144,Hombre,1,0,1,No,5821.0,0.0,144.0,360.0,1,Urbana,1,Ana
48,02/28/2019 07:43 AM,03/01/2019 01:30 PM,LP001392,Mujer,0,1,1,Si,7451.0,0.0,,360.0,1,Semiurbana,1,Ana
49,02/28/2019 11:00 AM,03/01/2019 12:25 PM,LP002175,Hombre,1,0,1,No,4750.0,2333.0,130.0,360.0,1,Urbana,1,Ana
50,02/28/2019 09:33 AM,03/01/2019 12:41 PM,LP002369,Hombre,1,0,1,No,2920.0,16.12000084,87.0,360.0,1,Rural,1,Regina
51,02/28/2019 09:11 AM,03/01/2019 04:37 PM,LP002941,Hombre,1,2,0,Si,6383.0,1000.0,187.0,360.0,1,Rural,0,
52,02/26/2019 07:43 AM,02/27/2019 06:06 PM,LP002205,Hombre,0,1,1,No,3062.0,1987.0,111.0,180.0,0,Urbana,0,
53,02/28/2019 10:38 AM,03/01/2019 02:20 PM,LP002243,Hombre,1,0,0,No,3010.0,3136.0,,360.0,0,Urbana,0,
54,02/27/2019 11:03 AM,02/28/2019 01:18 PM,LP002170,Hombre,1,2,1,No,5000.0,3667.0,236.0,360.0,1,Semiurbana,1,Ana
55,02/26/2019 10:22 AM,02/27/2019 03:45 PM,LP002065,Hombre,1,4,1,No,15000.0,0.0,300.0,360.0,1,Rural,1,Regina
56,02/28/2019 09:26 AM,03/01/2019 01:33 PM,LP001013,Hombre,1,0,0,No,2333.0,1516.0,95.0,360.0,1,Urbana,1,Ana
57,02/26/2019 10:58 AM,02/27/2019 06:29 PM,LP001401,Hombre,1,1,1,No,14583.0,0.0,185.0,180.0,1,Rural,1,Ana
58,02/27/2019 08:59 AM,02/28/2019 01:52 PM,LP001387,Mujer,1,0,1,,2929.0,2333.0,139.0,360.0,1,Semiurbana,1,Dudley
59,02/27/2019 09:17 AM,02/28/2019 06:30 PM,LP001811,Hombre,1,0,0,No,3406.0,4417.0,123.0,360.0,1,Semiurbana,1,Pablo
60,02/27/2019 08:53 AM,02/28/2019 02:20 PM,LP001005,Hombre,1,0,1,Si,3000.0,0.0,66.0,360.0,1,Urbana,1,Dudley
61,02/27/2019 07:35 AM,02/28/2019 03:36 PM,LP002961,Hombre,1,1,1,No,3400.0,2500.0,173.0,360.0,1,Semiurbana,1,Dudley
62,02/26/2019 07:10 AM,02/27/2019 12:01 PM,LP001465,Hombre,1,0,1,No,6080.0,2569.0,182.0,360.0,1,Rural,0,
63,02/27/2019 09:08 AM,02/28/2019 01:45 PM,LP002160,Hombre,1,4,1,No,5167.0,3167.0,200.0,360.0,1,Semiurbana,1,Santiago
64,02/26/2019 07:20 AM,02/27/2019 02:01 PM,LP001633,Hombre,1,1,1,No,6400.0,7250.0,180.0,360.0,0,Urbana,0,
65,02/27/2019 10:23 AM,02/28/2019 12:33 PM,LP001846,Mujer,0,4,1,No,3083.0,0.0,255.0,360.0,1,Rural,1,Regina
66,02/27/2019 10:40 AM,02/28/2019 04:04 PM,LP001892,Hombre,0,0,1,No,2833.0,1857.0,126.0,360.0,1,Rural,1,Ana
67,02/26/2019 10:30 AM,02/27/2019 06:13 PM,LP001673,Hombre,0,0,1,Si,11000.0,0.0,83.0,360.0,1,Urbana,0,
68,02/28/2019 11:24 AM,03/01/2019 05:18 PM,LP001002,Hombre,0,0,1,No,5849.0,0.0,,360.0,1,Urbana,1,Regina
69,02/28/2019 08:10 AM,03/01/2019 03:24 PM,LP002938,Hombre,1,0,1,Si,16120.0,0.0,260.0,360.0,1,Urbana,1,Dudley
70,02/28/2019 07:48 AM,03/01/2019 06:34 PM,LP001807,Hombre,1,2,1,Si,6250.0,1300.0,108.0,360.0,1,Rural,1,Pablo
71,02/27/2019 10:47 AM,02/28/2019 12:09 PM,LP002370,Hombre,0,0,0,No,2717.0,0.0,60.0,180.0,1,Urbana,1,Ana
72,02/27/2019 11:10 AM,02/28/2019 04:01 PM,LP002097,Hombre,0,1,1,No,4384.0,1793.0,117.0,360.0,1,Urbana,1,Dudley
73,02/26/2019 09:28 AM,02/27/2019 12:28 PM,LP002103,,1,1,1,Si,9833.0,1833.0,182.0,180.0,1,Urbana,1,Pablo
74,02/28/2019 11:09 AM,03/01/2019 04:57 PM,LP001508,Hombre,1,2,1,No,11757.0,0.0,187.0,180.0,1,Urbana,1,Ana
75,02/28/2019 10:37 AM,03/01/2019 12:21 PM,LP001333,Hombre,1,0,1,No,1977.0,997.0,50.0,360.0,1,Semiurbana,1,Santiago
76,02/27/2019 07:44 AM,02/28/2019 05:49 PM,LP002144,Mujer,0,0,1,No,3813.0,0.0,116.0,180.0,1,Urbana,1,Ana
77,02/28/2019 08:13 AM,03/01/2019 04:10 PM,LP002877,Hombre,1,1,1,No,1782.0,2232.0,107.0,360.0,1,Rural,1,Pablo
78,02/27/2019 09:00 AM,02/28/2019 01:36 PM,LP001222,Mujer,0,0,1,No,4166.0,0.0,116.0,360.0,0,Semiurbana,0,
79,02/28/2019 07:42 AM,03/01/2019 01:00 PM,LP002201,Hombre,1,2,1,Si,9323.0,7873.0,380.0,300.0,1,Rural,1,Ana
80,02/27/2019 10:23 AM,02/28/2019 04:05 PM,LP002424,Hombre,1,0,1,No,7333.0,8333.0,175.0,300.0,1,Rural,1,Ana
81,02/27/2019 09:29 AM,02/28/2019 12:46 PM,LP001138,Hombre,1,1,1,No,5649.0,0.0,44.0,360.0,1,Urbana,1,Pablo
82,02/26/2019 09:28 AM,02/27/2019 01:34 PM,LP001658,Hombre,0,0,1,No,3858.0,0.0,76.0,360.0,1,Semiurbana,1,Santiago
83,02/28/2019 09:35 AM,03/01/2019 02:05 PM,LP001197,Hombre,1,0,1,No,3366.0,2200.0,135.0,360.0,1,Rural,0,
84,02/28/2019 08:51 AM,03/01/2019 05:53 PM,LP002842,Hombre,1,1,1,No,3417.0,1750.0,186.0,360.0,1,Urbana,1,Dudley
85,02/26/2019 11:15 AM,02/27/2019 01:36 PM,LP001698,Hombre,0,0,0,No,3975.0,2531.0,55.0,360.0,1,Rural,1,Santiago
86,02/27/2019 11:25 AM,02/28/2019 04:20 PM,LP002364,Hombre,1,0,1,No,14880.0,0.0,96.0,360.0,1,Semiurbana,1,Ana
87,02/26/2019 10:12 AM,02/27/2019 01:51 PM,LP001207,Hombre,1,0,0,Si,2609.0,3449.0,165.0,180.0,0,Rural,0,
88,02/26/2019 07:49 AM,02/27/2019 01:04 PM,LP001266,Hombre,1,1,1,Si,2395.0,0.0,,360.0,1,Semiurbana,1,Dudley
89,02/26/2019 07:56 AM,02/27/2019 01:47 PM,LP001426,Hombre,1,0,1,No,5667.0,2667.0,180.0,360.0,1,Rural,1,Pablo
90,02/27/2019 08:54 AM,02/28/2019 06:42 PM,LP001669,Mujer,0,0,0,No,1907.0,2365.0,120.0,,1,Urbana,1,Santiago
91,02/27/2019 08:08 AM,02/28/2019 12:41 PM,LP002603,Mujer,0,0,1,No,645.0,3683.0,113.0,480.0,1,Rural,1,Ana
92,02/28/2019 10:38 AM,03/01/2019 01:50 PM,LP001546,Hombre,0,0,1,,2980.0,2083.0,120.0,360.0,1,Rural,1,Ana
93,02/28/2019 08:42 AM,03/01/2019 12:24 PM,LP002054,Hombre,1,2,0,No,3601.0,1590.0,,360.0,1,Rural,1,Santiago
94,02/27/2019 11:27 AM,02/28/2019 12:01 PM,LP001349,Hombre,0,0,1,No,4843.0,3806.0,151.0,360.0,1,Semiurbana,1,Pablo
95,02/26/2019 11:57 AM,02/27/2019 01:39 PM,LP002936,Hombre,1,0,1,No,3859.0,3300.0,142.0,180.0,1,Rural,1,Pablo
96,02/26/2019 09:59 AM,02/27/2019 01:12 PM,LP002301,Mujer,0,0,1,Si,7441.0,0.0,194.0,360.0,1,Rural,0,
97,02/28/2019 10:55 AM,03/01/2019 01:21 PM,LP001097,Hombre,0,1,1,Si,4692.0,0.0,106.0,360.0,1,Rural,0,
98,02/27/2019 11:18 AM,02/28/2019 04:59 PM,LP001570,Hombre,1,2,1,No,4167.0,1447.0,158.0,360.0,1,Rural,1,Pablo
99,02/26/2019 09:42 AM,02/27/2019 12:40 PM,LP001318,Hombre,1,2,1,No,6250.0,5654.0,188.0,180.0,1,Semiurbana,1,Ana
100,02/26/2019 11:07 AM,02/27/2019 02:38 PM,LP001972,Hombre,1,0,0,No,2875.0,1750.0,105.0,360.0,1,Semiurbana,1,Pablo
101,02/28/2019 11:23 AM,03/01/2019 06:24 PM,LP001263,Hombre,1,4,1,No,3167.0,4000.0,180.0,300.0,0,Semiurbana,0,
102,02/26/2019 10:19 AM,02/27/2019 12:46 PM,LP002149,Hombre,1,2,1,No,8333.0,3167.0,165.0,360.0,1,Rural,1,Ana
103,02/28/2019 09:43 AM,03/01/2019 05:28 PM,LP001245,Hombre,1,2,0,Si,1875.0,1875.0,97.0,360.0,1,Semiurbana,1,Santiago
104,02/26/2019 07:22 AM,02/27/2019 02:42 PM,LP002051,Hombre,1,0,1,No,2400.0,2167.0,115.0,360.0,1,Semiurbana,1,Regina
105,02/26/2019 07:13 AM,02/27/2019 03:48 PM,LP002738,Hombre,0,2,1,No,3617.0,0.0,107.0,360.0,1,Semiurbana,1,Pablo
106,02/28/2019 08:25 AM,03/01/2019 01:00 PM,LP002714,Hombre,0,1,0,No,2679.0,1302.0,94.0,360.0,1,Semiurbana,1,Dudley
107,02/28/2019 08:27 AM,03/01/2019 04:51 PM,LP002082,Hombre,1,0,1,Si,5818.0,2160.0,184.0,360.0,1,Semiurbana,1,Regina
108,02/28/2019 07:08 AM,03/01/2019 04:28 PM,LP001935,Hombre,0,0,1,No,9508.0,0.0,187.0,360.0,1,Rural,1,Pablo
109,02/27/2019 08:30 AM,02/28/2019 12:53 PM,LP002314,Mujer,0,0,0,No,2213.0,0.0,66.0,360.0,1,Rural,1,Santiago
110,02/27/2019 11:04 AM,02/28/2019 06:53 PM,LP001671,Mujer,1,0,1,No,3416.0,2816.0,113.0,360.0,1,Semiurbana,1,Pablo
111,02/26/2019 07:52 AM,02/27/2019 12:22 PM,LP001432,Hombre,1,2,1,No,2957.0,0.0,81.0,360.0,1,Semiurbana,1,Regina
112,02/27/2019 09:32 AM,02/28/2019 01:45 PM,LP002137,Hombre,1,0,1,No,6333.0,4583.0,259.0,360.0,1,Semiurbana,1,Pablo
113,02/28/2019 08:20 AM,03/01/2019 02:31 PM,LP001915,Hombre,1,2,1,No,2301.0,985.7999877999998,78.0,180.0,1,Urbana,1,Regina
114,02/27/2019 08:24 AM,02/28/2019 03:03 PM,LP001528,Hombre,0,0,1,No,6277.0,0.0,118.0,360.0,0,Rural,0,
115,02/28/2019 11:57 AM,03/01/2019 06:46 PM,LP002588,Hombre,1,0,1,No,4625.0,2857.0,111.0,12.0,1,Urbana,1,Dudley
116,02/28/2019 11:20 AM,03/01/2019 04:30 PM,LP001792,Hombre,1,1,1,No,3315.0,0.0,96.0,360.0,1,Semiurbana,1,Pablo
117,02/28/2019 09:32 AM,03/01/2019 01:52 PM,LP001806,Hombre,0,0,1,No,2965.0,5701.0,155.0,60.0,1,Urbana,1,Santiago
118,02/27/2019 08:46 AM,02/28/2019 05:46 PM,LP002531,Hombre,1,1,1,Si,16667.0,2250.0,86.0,360.0,1,Semiurbana,1,Regina
119,02/28/2019 08:55 AM,03/01/2019 02:51 PM,LP002777,Hombre,1,0,1,No,2785.0,2016.0,110.0,360.0,1,Rural,1,Santiago
120,02/26/2019 11:53 AM,02/27/2019 03:11 PM,LP001800,Hombre,1,1,0,No,2510.0,1983.0,140.0,180.0,1,Urbana,0,
121,02/28/2019 11:02 AM,03/01/2019 06:40 PM,LP002501,,1,0,1,No,16692.0,0.0,110.0,360.0,1,Semiurbana,1,Dudley
122,02/28/2019 08:11 AM,03/01/2019 02:01 PM,LP001087,Mujer,0,2,1,,3750.0,2083.0,120.0,360.0,1,Semiurbana,1,Santiago
123,02/26/2019 07:42 AM,02/27/2019 03:33 PM,LP001439,Hombre,1,0,0,No,4300.0,2014.0,194.0,360.0,1,Rural,1,Santiago
124,02/26/2019 08:38 AM,02/27/2019 02:44 PM,LP001877,Hombre,1,2,1,No,4708.0,1387.0,150.0,360.0,1,Semiurbana,1,Dudley
125,02/27/2019 09:39 AM,02/28/2019 02:35 PM,LP002231,Mujer,0,0,1,No,6000.0,0.0,156.0,360.0,1,Urbana,1,Pablo
126,02/26/2019 10:48 AM,02/27/2019 06:25 PM,LP001641,Hombre,1,1,1,Si,2178.0,0.0,66.0,300.0,0,Rural,0,
127,02/28/2019 09:47 AM,03/01/2019 04:28 PM,LP002386,Hombre,0,0,1,,12876.0,0.0,405.0,360.0,1,Semiurbana,1,Santiago
128,02/26/2019 10:59 AM,02/27/2019 05:09 PM,LP002529,Hombre,1,2,1,No,6700.0,1750.0,230.0,300.0,1,Semiurbana,1,Regina
129,02/28/2019 07:41 AM,03/01/2019 06:39 PM,LP001914,Hombre,1,0,1,No,3927.0,800.0,112.0,360.0,1,Semiurbana,1,Pablo
130,02/28/2019 11:25 AM,03/01/2019 02:36 PM,LP002194,Mujer,0,0,1,Si,15759.0,0.0,55.0,360.0,1,Semiurbana,1,Santiago
131,02/27/2019 08:12 AM,02/28/2019 03:13 PM,LP002408,Hombre,0,0,1,No,3660.0,5064.0,187.0,360.0,1,Semiurbana,1,Dudley
132,02/27/2019 11:36 AM,02/28/2019 03:38 PM,LP001391,Hombre,1,0,0,No,3572.0,4114.0,152.0,,0,Rural,0,
133,02/26/2019 07:06 AM,02/27/2019 04:18 PM,LP002345,Hombre,1,0,1,No,1025.0,2773.0,112.0,360.0,1,Rural,1,Regina
134,02/26/2019 10:01 AM,02/27/2019 02:23 PM,LP001205,Hombre,1,0,1,No,2500.0,3796.0,120.0,360.0,1,Urbana,1,Dudley
135,02/28/2019 01:54 PM,02/27/2019 10:28 AM,LP001917,Mujer,0,0,1,No,1811.0,1666.0,54.0,360.0,1,Urbana,1,Santiago
136,02/28/2019 10:19 AM,03/01/2019 01:03 PM,LP002390,Hombre,0,0,1,No,3750.0,0.0,100.0,360.0,1,Urbana,1,Regina
137,02/27/2019 07:44 AM,02/28/2019 02:16 PM,LP002236,Hombre,1,2,1,No,4566.0,0.0,100.0,360.0,1,Urbana,0,
138,02/26/2019 07:37 AM,02/27/2019 12:27 PM,LP002234,Hombre,0,0,1,Si,7167.0,0.0,128.0,360.0,1,Urbana,1,Santiago
139,02/28/2019 08:30 AM,03/01/2019 01:12 PM,LP002447,Hombre,1,2,0,No,1958.0,1456.0,60.0,300.0,1,Urbana,1,Dudley
140,02/28/2019 11:40 AM,03/01/2019 04:05 PM,LP001859,Hombre,1,0,1,No,14683.0,2100.0,304.0,360.0,1,Rural,0,
141,02/26/2019 09:20 AM,02/27/2019 05:44 PM,LP002190,Hombre,1,1,1,No,6325.0,0.0,175.0,360.0,1,Semiurbana,1,Santiago
142,02/26/2019 09:10 AM,02/27/2019 03:45 PM,LP002527,Hombre,1,2,1,Si,16525.0,1014.0,150.0,360.0,1,Rural,1,Pablo
143,02/26/2019 10:29 AM,02/27/2019 05:06 PM,LP001350,Hombre,1,0,1,No,13650.0,0.0,,360.0,1,Urbana,1,Dudley
144,02/26/2019 07:50 AM,02/27/2019 04:43 PM,LP001904,Hombre,1,0,1,No,3103.0,1300.0,80.0,360.0,1,Urbana,1,Regina
145,02/27/2019 07:03 AM,02/28/2019 05:27 PM,LP002002,Mujer,0,0,1,No,2917.0,0.0,84.0,360.0,1,Semiurbana,1,Ana
146,02/26/2019 08:34 AM,02/27/2019 03:08 PM,LP002114,Mujer,0,0,1,No,4160.0,0.0,71.0,360.0,1,Semiurbana,1,Regina
147,02/28/2019 10:17 AM,03/01/2019 04:31 PM,LP002116,Mujer,0,0,1,No,2378.0,0.0,46.0,360.0,1,Rural,0,
148,02/26/2019 09:17 AM,02/27/2019 05:01 PM,LP002804,Mujer,1,0,1,No,4180.0,2306.0,182.0,360.0,1,Semiurbana,1,Pablo
149,02/28/2019 11:21 AM,03/01/2019 12:39 PM,LP002086,Mujer,1,0,1,No,4333.0,2451.0,110.0,360.0,1,Urbana,0,
150,02/28/2019 07:12 AM,03/01/2019 01:47 PM,LP001819,Hombre,1,1,0,No,6608.0,0.0,137.0,180.0,1,Urbana,1,Ana
151,02/27/2019 11:27 AM,02/28/2019 03:57 PM,LP002582,Mujer,0,0,0,Si,17263.0,0.0,225.0,360.0,1,Semiurbana,1,Regina
152,02/26/2019 11:33 AM,02/27/2019 12:24 PM,LP001206,Hombre,1,4,1,No,3029.0,0.0,99.0,360.0,1,Urbana,1,Pablo
153,02/28/2019 07:43 AM,03/01/2019 12:03 PM,LP001931,Mujer,0,0,1,No,4124.0,0.0,115.0,360.0,1,Semiurbana,1,Dudley
154,02/27/2019 07:54 AM,02/28/2019 04:14 PM,LP002541,Hombre,1,0,1,No,10833.0,0.0,234.0,360.0,1,Semiurbana,1,Ana
155,02/26/2019 07:14 AM,02/27/2019 03:59 PM,LP002403,Hombre,0,0,1,Si,10416.0,0.0,187.0,360.0,0,Urbana,0,
156,02/27/2019 01:09 PM,02/26/2019 10:00 AM,LP002586,Mujer,1,1,1,No,3326.0,913.0,105.0,84.0,1,Semiurbana,1,Pablo
157,02/26/2019 11:48 AM,02/27/2019 06:16 PM,LP002524,Hombre,0,2,1,No,5532.0,4648.0,162.0,360.0,1,Rural,1,Pablo
158,02/27/2019 07:14 AM,02/28/2019 04:57 PM,LP001029,Hombre,0,0,1,No,1853.0,2840.0,114.0,360.0,1,Rural,0,
159,02/28/2019 10:37 AM,03/01/2019 06:26 PM,LP002767,Hombre,1,0,1,No,2768.0,1950.0,155.0,360.0,1,Rural,1,Santiago
160,02/27/2019 10:12 AM,02/28/2019 04:42 PM,LP002933,,0,4,1,Si,9357.0,0.0,292.0,360.0,1,Semiurbana,1,Regina
161,02/26/2019 07:01 AM,02/27/2019 06:08 PM,LP002571,Hombre,0,0,0,No,3691.0,0.0,110.0,360.0,1,Rural,1,Santiago
162,02/28/2019 11:57 AM,03/01/2019 03:49 PM,LP001519,Mujer,0,0,1,No,10000.0,1666.0,225.0,360.0,1,Rural,0,
163,02/27/2019 07:01 AM,02/28/2019 03:11 PM,LP002916,Hombre,1,0,1,No,2297.0,1522.0,104.0,360.0,1,Urbana,1,Santiago
164,02/28/2019 10:01 AM,03/01/2019 02:59 PM,LP001387,Mujer,1,0,1,,2929.0,2333.0,139.0,360.0,1,Semiurbana,1,Ana
165,02/26/2019 10:45 AM,02/27/2019 05:23 PM,LP001109,Hombre,1,0,1,No,1828.0,1330.0,100.0,,0,Urbana,0,
166,02/28/2019 08:07 AM,03/01/2019 04:40 PM,LP001002,Hombre,0,0,1,No,5849.0,0.0,,360.0,1,Urbana,1,Santiago
167,02/27/2019 09:09 AM,02/28/2019 01:03 PM,LP002716,Hombre,0,0,0,No,6783.0,0.0,130.0,360.0,1,Semiurbana,1,Dudley
168,02/26/2019 09:54 AM,02/27/2019 06:26 PM,LP001066,Hombre,1,0,1,Si,9560.0,0.0,191.0,360.0,1,Semiurbana,1,Regina
169,02/26/2019 11:19 AM,02/27/2019 05:33 PM,LP001050,,1,2,0,No,3365.0,1917.0,112.0,360.0,0,Rural,0,
170,02/26/2019 10:30 AM,02/27/2019 12:03 PM,LP001653,Hombre,0,0,0,No,4885.0,0.0,48.0,360.0,1,Rural,1,Ana
171,02/26/2019 07:29 AM,02/27/2019 05:35 PM,LP001636,Hombre,1,0,1,No,4600.0,0.0,73.0,180.0,1,Semiurbana,1,Pablo
172,02/27/2019 11:00 AM,02/28/2019 03:55 PM,LP001836,Mujer,0,2,1,No,3427.0,0.0,138.0,360.0,1,Urbana,0,
173,02/27/2019 07:46 AM,02/28/2019 04:39 PM,LP002087,Mujer,0,0,1,No,2500.0,0.0,67.0,360.0,1,Urbana,1,Ana
174,02/28/2019 07:40 AM,03/01/2019 01:49 PM,LP002792,Hombre,1,1,1,No,5468.0,1032.0,26.0,360.0,1,Semiurbana,1,Regina
175,02/26/2019 08:00 AM,02/27/2019 01:54 PM,LP002429,Hombre,1,1,1,Si,3466.0,1210.0,130.0,360.0,1,Rural,1,Dudley
176,02/28/2019 11:45 AM,03/01/2019 04:29 PM,LP001205,Hombre,1,0,1,No,2500.0,3796.0,120.0,360.0,1,Urbana,1,Dudley
177,02/26/2019 08:57 AM,02/27/2019 01:03 PM,LP002328,Hombre,1,0,0,No,6096.0,0.0,218.0,360.0,0,Rural,0,
178,02/26/2019 11:14 AM,02/27/2019 06:44 PM,LP001925,Mujer,0,0,1,Si,2600.0,1717.0,99.0,300.0,1,Semiurbana,0,
179,02/27/2019 08:08 AM,02/28/2019 02:03 PM,LP001922,Hombre,1,0,1,No,20667.0,0.0,,360.0,1,Rural,0,
180,02/26/2019 11:31 AM,02/27/2019 05:09 PM,LP002643,Hombre,1,2,1,No,3283.0,2035.0,148.0,360.0,1,Urbana,1,Dudley
181,02/28/2019 11:54 AM,03/01/2019 02:46 PM,LP001924,Hombre,0,0,1,No,3158.0,3053.0,89.0,360.0,1,Rural,1,Pablo
182,02/28/2019 11:45 AM,03/01/2019 01:18 PM,LP002053,Hombre,1,4,1,No,4342.0,189.0,124.0,360.0,1,Semiurbana,1,Santiago
183,02/26/2019 10:31 AM,02/27/2019 06:36 PM,LP001708,Mujer,0,0,1,No,10000.0,0.0,214.0,360.0,1,Semiurbana,0,
184,02/28/2019 07:52 AM,03/01/2019 03:55 PM,LP002600,Hombre,1,1,1,Si,2895.0,0.0,95.0,360.0,1,Semiurbana,1,Pablo
185,02/28/2019 07:44 AM,03/01/2019 03:00 PM,LP002606,Mujer,0,0,1,No,3159.0,0.0,100.0,360.0,1,Semiurbana,1,Dudley
186,02/28/2019 11:23 AM,03/01/2019 02:55 PM,LP002300,Mujer,0,0,0,No,1963.0,0.0,53.0,360.0,1,Semiurbana,1,Santiago
187,02/28/2019 07:54 AM,03/01/2019 05:01 PM,LP001327,Mujer,1,0,1,No,2484.0,2302.0,137.0,360.0,1,Semiurbana,1,Santiago
188,02/28/2019 11:33 AM,03/01/2019 02:26 PM,LP001674,Hombre,1,1,0,No,2600.0,2500.0,90.0,360.0,1,Semiurbana,1,Dudley
189,02/26/2019 09:54 AM,02/27/2019 06:16 PM,LP002418,Hombre,0,4,0,No,4707.0,1993.0,148.0,360.0,1,Semiurbana,1,Ana
190,02/26/2019 10:55 AM,02/27/2019 02:22 PM,LP002244,Hombre,1,0,1,No,2333.0,2417.0,136.0,360.0,1,Urbana,1,Ana
191,02/27/2019 09:33 AM,02/28/2019 01:02 PM,LP001027,Hombre,1,2,1,,2500.0,1840.0,109.0,360.0,1,Urbana,1,Santiago
192,02/27/2019 10:58 AM,02/28/2019 05:54 PM,LP001073,Hombre,1,2,0,No,4226.0,1040.0,110.0,360.0,1,Urbana,1,Santiago
193,02/28/2019 11:38 AM,03/01/2019 02:43 PM,LP002367,Mujer,0,1,0,No,4606.0,0.0,81.0,360.0,1,Rural,0,
194,02/27/2019 10:18 AM,02/28/2019 06:54 PM,LP002305,Mujer,0,0,1,No,4547.0,0.0,115.0,360.0,1,Semiurbana,1,Regina
195,02/26/2019 11:21 AM,02/27/2019 01:33 PM,LP002119,Hombre,1,1,0,No,4554.0,1229.0,158.0,360.0,1,Urbana,1,Dudley
196,02/28/2019 09:40 AM,03/01/2019 04:39 PM,LP001639,Mujer,1,0,1,No,3625.0,0.0,108.0,360.0,1,Semiurbana,1,Ana
197,02/26/2019 07:07 AM,02/27/2019 05:32 PM,LP001819,Hombre,1,1,0,No,6608.0,0.0,137.0,180.0,1,Urbana,1,Dudley
198,02/26/2019 07:00 AM,02/27/2019 12:42 PM,LP002964,Hombre,1,2,0,No,3987.0,1411.0,157.0,360.0,1,Rural,1,Ana
199,02/26/2019 07:57 AM,02/27/2019 02:41 PM,LP001665,Hombre,1,1,1,No,3125.0,2583.0,170.0,360.0,1,Semiurbana,0,
200,02/28/2019 08:28 AM,03/01/2019 05:26 PM,LP002341,Mujer,0,1,1,No,2600.0,0.0,160.0,360.0,1,Urbana,0,
201,02/28/2019 09:33 AM,03/01/2019 06:26 PM,LP001518,Hombre,1,1,1,No,1538.0,1425.0,30.0,360.0,1,Urbana,1,Pablo
202,02/27/2019 08:03 AM,02/28/2019 05:35 PM,LP002622,Hombre,1,2,1,No,3510.0,4416.0,243.0,360.0,1,Rural,1,Regina
203,02/27/2019 09:51 AM,02/28/2019 01:47 PM,LP002836,Hombre,0,0,1,No,3333.0,0.0,70.0,360.0,1,Urbana,1,Pablo
204,02/27/2019 08:47 AM,02/28/2019 06:03 PM,LP002626,Hombre,1,0,1,Si,2479.0,3013.0,188.0,360.0,1,Urbana,1,Santiago
205,02/26/2019 08:21 AM,02/27/2019 06:04 PM,LP002319,Hombre,1,0,1,,6256.0,0.0,160.0,360.0,1,Urbana,1,Regina
206,02/26/2019 10:03 AM,02/27/2019 12:38 PM,LP002798,Hombre,1,0,1,No,3887.0,2669.0,162.0,360.0,1,Semiurbana,1,Ana
207,02/27/2019 09:16 AM,02/28/2019 05:44 PM,LP002332,Hombre,1,0,0,No,2253.0,2033.0,110.0,360.0,1,Rural,1,Santiago
208,02/27/2019 10:18 AM,02/28/2019 02:20 PM,LP001120,Hombre,0,0,1,No,1800.0,1213.0,47.0,360.0,1,Urbana,1,Regina
209,02/28/2019 09:49 AM,03/01/2019 01:17 PM,LP001743,Hombre,1,2,1,No,4009.0,1717.0,116.0,360.0,1,Semiurbana,1,Dudley
210,02/27/2019 10:06 AM,02/28/2019 12:42 PM,LP002106,Hombre,1,0,1,Si,5503.0,4490.0,70.0,,1,Semiurbana,1,Ana
211,02/26/2019 09:30 AM,02/27/2019 02:25 PM,LP002925,,0,0,1,No,4750.0,0.0,94.0,360.0,1,Semiurbana,1,Dudley
212,02/28/2019 10:45 AM,03/01/2019 12:06 PM,LP001367,Hombre,1,1,1,No,3052.0,1030.0,100.0,360.0,1,Urbana,1,Pablo
213,02/28/2019 07:13 AM,03/01/2019 03:02 PM,LP001849,Hombre,0,0,0,No,6045.0,0.0,115.0,360.0,0,Rural,0,
214,02/27/2019 10:53 AM,02/28/2019 04:23 PM,LP002855,Hombre,1,2,1,No,16666.0,0.0,275.0,360.0,1,Urbana,1,Ana
215,02/28/2019 08:46 AM,03/01/2019 02:23 PM,LP002788,Hombre,1,0,0,No,2454.0,2333.0,181.0,360.0,0,Urbana,0,
216,02/27/2019 09:17 AM,02/28/2019 01:29 PM,LP002434,Hombre,1,2,0,No,4652.0,0.0,110.0,360.0,1,Rural,1,Pablo
217,02/26/2019 09:25 AM,02/27/2019 01:46 PM,LP001449,Hombre,0,0,1,No,3865.0,1640.0,,360.0,1,Rural,1,Santiago
218,02/28/2019 09:26 AM,03/01/2019 03:49 PM,LP002898,Hombre,1,1,1,No,1880.0,0.0,61.0,360.0,1,Rural,0,
219,02/26/2019 08:31 AM,02/27/2019 03:49 PM,LP002250,Hombre,1,0,1,No,5488.0,0.0,125.0,360.0,1,Rural,1,Pablo
220,02/27/2019 07:55 AM,02/28/2019 05:36 PM,LP002505,Hombre,1,0,1,No,4333.0,2451.0,110.0,360.0,1,Urbana,0,
221,02/26/2019 08:50 AM,02/27/2019 03:06 PM,LP001052,Hombre,1,1,1,,3717.0,2925.0,151.0,360.0,1,Semiurbana,0,
222,02/27/2019 08:21 AM,02/28/2019 06:43 PM,LP002143,Mujer,1,0,1,No,2423.0,505.0,130.0,360.0,1,Semiurbana,1,Santiago
223,02/26/2019 10:50 AM,02/27/2019 02:16 PM,LP002892,Hombre,1,2,1,No,6540.0,0.0,205.0,360.0,1,Semiurbana,1,Santiago
224,02/26/2019 07:09 AM,02/27/2019 03:51 PM,LP001514,Mujer,1,0,1,No,2330.0,4486.0,100.0,360.0,1,Semiurbana,1,Ana
225,02/27/2019 10:13 AM,02/28/2019 02:18 PM,LP002757,Mujer,1,0,0,No,3017.0,663.0,102.0,360.0,1,Semiurbana,1,Santiago
226,02/28/2019 09:52 AM,03/01/2019 05:58 PM,LP001541,Hombre,1,1,1,No,6000.0,0.0,160.0,360.0,1,Rural,1,Santiago
227,02/26/2019 11:07 AM,02/27/2019 03:30 PM,LP002948,Hombre,1,2,1,No,5780.0,0.0,192.0,360.0,1,Urbana,1,Regina
228,02/28/2019 08:51 AM,03/01/2019 12:59 PM,LP001014,Hombre,1,4,1,No,3036.0,2504.0,158.0,360.0,0,Semiurbana,0,
229,02/27/2019 10:06 AM,02/28/2019 04:24 PM,LP001256,Hombre,0,0,1,No,3750.0,4750.0,176.0,360.0,1,Urbana,0,
230,02/27/2019 09:52 AM,02/28/2019 04:35 PM,LP002690,Hombre,0,0,1,No,2500.0,0.0,55.0,360.0,1,Semiurbana,1,Dudley
231,02/26/2019 10:29 AM,02/27/2019 05:59 PM,LP002732,Hombre,0,0,0,,2550.0,2042.0,126.0,360.0,1,Rural,1,Dudley
232,02/28/2019 11:12 AM,03/01/2019 04:23 PM,LP002281,Hombre,1,0,1,No,3033.0,1459.0,95.0,360.0,1,Urbana,1,Santiago
233,02/28/2019 10:17 AM,03/01/2019 06:07 PM,LP002478,,1,0,1,Si,2083.0,4083.0,160.0,360.0,1,Semiurbana,1,Pablo
234,02/27/2019 10:34 AM,02/28/2019 12:10 PM,LP002562,Hombre,1,1,0,No,5333.0,1131.0,186.0,360.0,1,Urbana,1,Regina
235,02/27/2019 09:14 AM,02/28/2019 12:57 PM,LP001872,Hombre,0,0,1,Si,5166.0,0.0,128.0,360.0,1,Semiurbana,1,Regina
236,02/26/2019 08:31 AM,02/27/2019 04:24 PM,LP002362,Hombre,1,1,1,No,7250.0,1667.0,110.0,,0,Urbana,0,
237,02/27/2019 11:03 AM,02/28/2019 05:06 PM,LP002624,Hombre,1,0,1,No,20833.0,6667.0,480.0,360.0,1,Urbana,1,Ana
238,02/28/2019 07:23 AM,03/01/2019 01:18 PM,LP002178,Hombre,1,0,1,No,3013.0,3033.0,95.0,300.0,1,Urbana,1,Pablo
239,02/28/2019 09:15 AM,03/01/2019 12:09 PM,LP002912,Hombre,1,1,1,No,4283.0,3000.0,172.0,84.0,1,Rural,0,
240,02/28/2019 08:08 AM,03/01/2019 12:46 PM,LP001643,Hombre,1,0,1,No,2383.0,2138.0,58.0,360.0,1,Rural,1,Ana
241,02/28/2019 10:16 AM,03/01/2019 05:28 PM,LP001253,Hombre,1,4,1,Si,5266.0,1774.0,187.0,360.0,1,Semiurbana,1,Pablo
242,02/27/2019 07:14 AM,02/28/2019 06:49 PM,LP001761,Hombre,0,0,1,Si,6400.0,0.0,200.0,360.0,1,Rural,1,Dudley
243,02/26/2019 07:55 AM,02/27/2019 04:45 PM,LP001155,Mujer,1,0,0,No,1928.0,1644.0,100.0,360.0,1,Semiurbana,1,Ana
244,02/27/2019 10:19 AM,02/28/2019 02:33 PM,LP002984,Hombre,1,2,1,No,7583.0,0.0,187.0,360.0,1,Urbana,1,Santiago
245,02/28/2019 10:13 AM,03/01/2019 06:28 PM,LP002874,Hombre,0,0,1,No,3229.0,2739.0,110.0,360.0,1,Urbana,1,Pablo
246,02/28/2019 08:11 AM,03/01/2019 12:31 PM,LP001713,Hombre,1,1,1,Si,7787.0,0.0,240.0,360.0,1,Urbana,1,Dudley
247,02/27/2019 08:46 AM,02/28/2019 03:57 PM,LP002226,Hombre,1,0,1,,3333.0,2500.0,128.0,360.0,1,Semiurbana,1,Santiago
248,02/28/2019 08:44 AM,03/01/2019 02:36 PM,LP001136,Hombre,1,0,0,Si,4695.0,0.0,96.0,,1,Urbana,1,Dudley
249,02/27/2019 09:21 AM,02/28/2019 04:24 PM,LP001245,Hombre,1,2,0,Si,1875.0,1875.0,97.0,360.0,1,Semiurbana,1,Pablo
250,02/27/2019 10:45 AM,02/28/2019 06:09 PM,LP001940,Hombre,1,2,1,No,3153.0,1560.0,134.0,360.0,1,Urbana,1,Ana
251,02/26/2019 09:15 AM,02/27/2019 01:25 PM,LP001896,Hombre,1,2,1,No,3900.0,0.0,90.0,360.0,1,Semiurbana,1,Santiago
252,02/26/2019 08:08 AM,02/27/2019 02:55 PM,LP001448,,1,4,1,No,23803.0,0.0,370.0,360.0,1,Rural,1,Pablo
253,02/27/2019 11:29 AM,02/28/2019 02:54 PM,LP001578,Hombre,1,0,1,No,2439.0,3333.0,129.0,360.0,1,Rural,1,Santiago
254,02/28/2019 08:46 AM,03/01/2019 03:15 PM,LP002705,Hombre,1,0,1,No,3775.0,0.0,110.0,360.0,1,Semiurbana,1,Regina
255,02/27/2019 09:53 AM,02/28/2019 05:10 PM,LP002211,Hombre,1,0,1,No,4817.0,923.0,120.0,180.0,1,Urbana,1,Santiago
256,02/27/2019 09:35 AM,02/28/2019 02:27 PM,LP001790,Mujer,0,1,1,No,3812.0,0.0,112.0,360.0,1,Rural,1,Pablo
257,02/26/2019 10:25 AM,02/27/2019 04:39 PM,LP001865,Hombre,1,1,1,No,6083.0,4250.0,330.0,360.0,1,Urbana,1,Dudley
258,02/27/2019 08:42 AM,02/28/2019 02:44 PM,LP002741,Mujer,1,1,1,No,4608.0,2845.0,140.0,180.0,1,Semiurbana,1,Regina
259,02/28/2019 08:50 AM,03/01/2019 05:30 PM,LP002139,Hombre,1,0,1,No,9083.0,0.0,228.0,360.0,1,Semiurbana,1,Pablo
260,02/28/2019 08:06 AM,03/01/2019 06:04 PM,LP002006,Mujer,0,0,1,No,2507.0,0.0,56.0,360.0,1,Rural,1,Ana
261,02/28/2019 08:28 AM,03/01/2019 06:22 PM,LP002219,Hombre,1,4,1,No,8750.0,4996.0,130.0,360.0,1,Rural,1,Regina
262,02/27/2019 07:23 AM,02/28/2019 12:11 PM,LP002706,Hombre,1,1,0,No,5285.0,1430.0,161.0,360.0,0,Semiurbana,1,Pablo
263,02/27/2019 10:11 AM,02/28/2019 02:50 PM,LP002472,Hombre,0,2,1,No,4354.0,0.0,136.0,360.0,1,Rural,1,Pablo
264,02/28/2019 08:17 AM,03/01/2019 01:44 PM,LP001994,Mujer,0,0,1,No,2400.0,1863.0,104.0,360.0,0,Urbana,0,
265,02/28/2019 11:00 AM,03/01/2019 01:40 PM,LP001106,Hombre,1,0,1,No,2275.0,2067.0,,360.0,1,Urbana,1,Ana
266,02/28/2019 08:25 AM,03/01/2019 04:27 PM,LP001131,Hombre,1,0,1,No,3941.0,2336.0,134.0,360.0,1,Semiurbana,1,Santiago
267,02/28/2019 11:36 AM,03/01/2019 01:46 PM,LP001430,Mujer,0,0,1,No,4166.0,0.0,44.0,360.0,1,Semiurbana,1,Dudley
268,02/26/2019 09:07 AM,02/27/2019 04:54 PM,LP001630,Hombre,0,0,0,No,2333.0,1451.0,102.0,480.0,0,Urbana,0,
269,02/26/2019 08:42 AM,02/27/2019 06:57 PM,LP001637,Hombre,1,1,1,No,33846.0,0.0,260.0,360.0,1,Semiurbana,0,
270,02/28/2019 09:51 AM,03/01/2019 02:10 PM,LP002652,Hombre,0,0,1,No,5815.0,3666.0,311.0,360.0,1,Rural,0,
271,02/28/2019 11:37 AM,03/01/2019 05:48 PM,LP001310,Hombre,1,0,1,No,5695.0,4167.0,175.0,360.0,1,Semiurbana,1,Dudley
272,02/27/2019 07:33 AM,02/28/2019 05:11 PM,LP002837,Hombre,1,4,1,No,3400.0,2500.0,123.0,360.0,0,Rural,0,
273,02/26/2019 09:02 AM,02/27/2019 04:52 PM,LP001046,Hombre,1,1,1,No,5955.0,5625.0,315.0,360.0,1,Urbana,1,Regina
274,02/26/2019 11:27 AM,02/27/2019 05:08 PM,LP001722,Hombre,1,0,1,No,150.0,1800.0,135.0,360.0,1,Rural,0,
275,02/27/2019 10:46 AM,02/28/2019 06:25 PM,LP002106,Hombre,1,0,1,Si,5503.0,4490.0,70.0,,1,Semiurbana,1,Santiago
276,02/26/2019 07:03 AM,02/27/2019 06:20 PM,LP002024,,1,0,1,No,2473.0,1843.0,159.0,360.0,1,Rural,0,
277,02/26/2019 11:22 AM,02/27/2019 02:24 PM,LP002379,Hombre,0,0,1,No,6500.0,0.0,105.0,360.0,0,Rural,0,
278,02/27/2019 10:17 AM,02/28/2019 02:41 PM,LP002131,Hombre,1,2,0,No,3083.0,2168.0,126.0,360.0,1,Urbana,1,Ana
279,02/26/2019 11:48 AM,02/27/2019 03:36 PM,LP001633,Hombre,1,1,1,No,6400.0,7250.0,180.0,360.0,0,Urbana,0,
280,02/27/2019 08:08 AM,02/28/2019 03:50 PM,LP002683,Hombre,0,0,1,No,4683.0,1915.0,185.0,360.0,1,Semiurbana,0,
281,02/26/2019 09:30 AM,02/27/2019 05:07 PM,LP001250,Hombre,1,4,0,No,4755.0,0.0,95.0,,0,Semiurbana,0,
282,02/27/2019 07:47 AM,02/28/2019 04:55 PM,LP002055,Mujer,0,0,1,No,3166.0,2985.0,132.0,360.0,1,Rural,1,Ana
283,02/27/2019 10:54 AM,02/28/2019 12:03 PM,LP002692,Hombre,1,4,1,Si,5677.0,1424.0,100.0,360.0,1,Rural,1,Pablo
284,02/26/2019 09:31 AM,02/27/2019 05:50 PM,LP002634,Mujer,0,1,1,No,13262.0,0.0,40.0,360.0,1,Urbana,1,Santiago
285,02/26/2019 11:22 AM,02/27/2019 02:35 PM,LP001693,Mujer,0,0,1,No,3244.0,0.0,80.0,360.0,1,Urbana,1,Ana
286,02/27/2019 07:47 AM,02/28/2019 02:42 PM,LP002659,Hombre,1,4,1,No,3466.0,3428.0,150.0,360.0,1,Rural,1,Santiago
287,02/27/2019 07:50 AM,02/28/2019 06:18 PM,LP001776,Mujer,0,0,1,No,8333.0,0.0,280.0,360.0,1,Semiurbana,1,Regina
288,02/28/2019 10:31 AM,03/01/2019 05:11 PM,LP001319,Hombre,1,2,0,No,3273.0,1820.0,81.0,360.0,1,Urbana,1,Santiago
289,02/27/2019 11:19 AM,02/28/2019 04:52 PM,LP002795,Hombre,1,4,1,Si,10139.0,0.0,260.0,360.0,1,Semiurbana,1,Dudley
290,02/27/2019 08:08 AM,02/28/2019 02:20 PM,LP001032,Hombre,0,0,1,No,4950.0,0.0,125.0,360.0,1,Urbana,1,Regina
291,02/27/2019 08:08 AM,02/28/2019 01:22 PM,LP002936,Hombre,1,0,1,No,3859.0,3300.0,142.0,180.0,1,Rural,1,Ana
292,02/27/2019 09:55 AM,02/28/2019 06:40 PM,LP001640,Hombre,1,0,1,Si,39147.0,4750.0,120.0,360.0,1,Semiurbana,1,Santiago
293,02/26/2019 08:47 AM,02/27/2019 12:21 PM,LP001574,Hombre,1,0,1,No,3707.0,3166.0,182.0,,1,Rural,1,Pablo
294,02/27/2019 08:54 AM,02/28/2019 12:22 PM,LP002893,Hombre,0,0,1,No,1836.0,33837.0,90.0,360.0,1,Urbana,0,
295,02/27/2019 11:30 AM,02/28/2019 05:12 PM,LP001516,Mujer,1,2,1,No,14866.0,0.0,70.0,360.0,1,Urbana,1,Pablo
296,02/26/2019 08:28 AM,02/27/2019 01:27 PM,LP002625,,0,0,1,No,3583.0,0.0,96.0,360.0,1,Urbana,0,
297,02/26/2019 07:46 AM,02/27/2019 06:06 PM,LP001884,Mujer,0,1,1,No,2876.0,1560.0,90.0,360.0,1,Urbana,1,Santiago
298,02/27/2019 08:10 AM,02/28/2019 06:31 PM,LP002401,Hombre,1,0,1,No,2213.0,1125.0,,360.0,1,Urbana,1,Ana
299,02/27/2019 11:13 AM,02/28/2019 12:40 PM,LP001903,Hombre,1,0,1,No,3993.0,3274.0,207.0,360.0,1,Semiurbana,1,Santiago
300,02/27/2019 10:58 AM,02/28/2019 03:32 PM,LP002043,Mujer,0,1,1,No,3541.0,0.0,112.0,360.0,1,Semiurbana,1,Pablo
301,02/26/2019 08:42 AM,02/27/2019 03:50 PM,LP002847,Hombre,1,0,1,No,5116.0,1451.0,165.0,360.0,0,Urbana,0,
302,02/28/2019 07:59 AM,03/01/2019 03:46 PM,LP002113,Mujer,0,4,0,No,1830.0,0.0,,360.0,0,Urbana,0,
303,02/28/2019 09:14 AM,03/01/2019 12:51 PM,LP001875,Hombre,0,0,1,No,4095.0,3447.0,151.0,360.0,1,Rural,1,Ana
304,02/26/2019 07:37 AM,02/27/2019 04:07 PM,LP002689,Hombre,1,2,0,No,2192.0,1742.0,45.0,360.0,1,Semiurbana,1,Regina
305,02/28/2019 08:41 AM,03/01/2019 04:56 PM,LP001760,Hombre,1,0,1,No,4758.0,0.0,158.0,480.0,1,Semiurbana,1,Dudley
306,02/28/2019 10:36 AM,03/01/2019 03:23 PM,LP002187,Hombre,0,0,1,No,2500.0,0.0,96.0,480.0,1,Semiurbana,0,
307,02/27/2019 10:05 AM,02/28/2019 12:27 PM,LP001938,Hombre,1,2,1,No,4400.0,0.0,127.0,360.0,0,Semiurbana,0,
308,02/28/2019 09:37 AM,03/01/2019 12:25 PM,LP001100,Hombre,0,4,1,No,12500.0,3000.0,320.0,360.0,1,Rural,0,
309,02/27/2019 09:40 AM,02/28/2019 01:55 PM,LP001908,Mujer,1,0,0,No,4100.0,0.0,124.0,360.0,1,Rural,1,Pablo
310,02/26/2019 11:29 AM,02/27/2019 01:51 PM,LP002008,Hombre,1,2,1,Si,5746.0,0.0,144.0,84.0,1,Rural,1,Ana
311,02/26/2019 10:56 AM,02/27/2019 04:30 PM,LP002978,Mujer,0,0,1,No,2900.0,0.0,71.0,360.0,1,Rural,1,Santiago
312,02/28/2019 08:46 AM,03/01/2019 02:36 PM,LP001443,Mujer,0,0,1,No,3692.0,0.0,93.0,360.0,1,Rural,1,Santiago
313,02/26/2019 07:08 AM,02/27/2019 12:01 PM,LP001279,Hombre,0,0,1,No,2366.0,2531.0,136.0,360.0,1,Semiurbana,1,Santiago
314,02/28/2019 10:25 AM,03/01/2019 12:09 PM,LP002223,Hombre,1,0,1,No,4310.0,0.0,130.0,360.0,1,Semiurbana,1,Santiago
315,02/27/2019 09:40 AM,02/28/2019 03:05 PM,LP002297,Hombre,0,0,1,No,2500.0,20000.0,103.0,360.0,1,Semiurbana,1,Dudley
316,02/28/2019 07:22 AM,03/01/2019 06:04 PM,LP001977,Hombre,1,1,1,No,1625.0,1803.0,96.0,360.0,1,Urbana,1,Dudley
317,02/27/2019 11:05 AM,02/28/2019 04:23 PM,LP002255,Hombre,0,4,1,No,9167.0,0.0,185.0,360.0,1,Rural,1,Ana
318,02/27/2019 11:22 AM,02/28/2019 02:12 PM,LP001325,Hombre,0,0,0,No,3620.0,0.0,25.0,120.0,1,Semiurbana,1,Ana
319,02/27/2019 10:07 AM,02/28/2019 04:13 PM,LP002983,Hombre,1,1,1,No,8072.0,240.0,253.0,360.0,1,Urbana,1,Dudley
320,02/28/2019 09:51 AM,03/01/2019 04:43 PM,LP001036,Mujer,0,0,1,No,3510.0,0.0,76.0,360.0,0,Urbana,0,
321,02/28/2019 07:52 AM,03/01/2019 04:28 PM,LP001657,Hombre,1,0,0,No,6033.0,0.0,160.0,360.0,1,Urbana,0,
322,02/28/2019 08:44 AM,03/01/2019 02:13 PM,LP002484,Hombre,1,4,1,No,7740.0,0.0,128.0,180.0,1,Urbana,1,Regina
323,02/26/2019 11:54 AM,02/27/2019 05:41 PM,LP002863,Hombre,1,4,1,No,6406.0,0.0,150.0,360.0,1,Semiurbana,0,
324,02/27/2019 07:21 AM,02/28/2019 03:16 PM,LP002422,Hombre,0,1,1,No,37719.0,0.0,152.0,360.0,1,Semiurbana,1,Regina
325,02/28/2019 11:09 AM,03/01/2019 03:26 PM,LP002888,Hombre,0,0,1,,3182.0,2917.0,161.0,360.0,1,Urbana,1,Ana
326,02/28/2019 08:58 AM,03/01/2019 01:25 PM,LP001608,Hombre,1,2,1,No,2045.0,1619.0,101.0,360.0,1,Rural,1,Ana
327,02/26/2019 09:53 AM,02/27/2019 01:30 PM,LP002619,Hombre,1,0,0,No,3814.0,1483.0,124.0,300.0,1,Semiurbana,1,Regina
328,02/27/2019 10:35 AM,02/28/2019 01:35 PM,LP002784,Hombre,1,1,0,No,2492.0,2375.0,,360.0,1,Rural,1,Dudley
329,02/26/2019 10:15 AM,02/27/2019 01:17 PM,LP001379,Hombre,1,2,1,No,3800.0,3600.0,216.0,360.0,0,Urbana,0,
330,02/28/2019 11:57 AM,03/01/2019 04:34 PM,LP002820,Hombre,1,0,1,No,5923.0,2054.0,211.0,360.0,1,Rural,1,Santiago
331,02/28/2019 10:43 AM,03/01/2019 01:10 PM,LP001098,Hombre,1,0,1,No,3500.0,1667.0,114.0,360.0,1,Semiurbana,1,Regina
332,02/27/2019 11:26 AM,02/28/2019 01:00 PM,LP002755,Hombre,1,1,0,No,2239.0,2524.0,128.0,360.0,1,Urbana,1,Ana
333,02/26/2019 11:15 AM,02/27/2019 05:35 PM,LP001715,Hombre,1,4,0,Si,5703.0,0.0,130.0,360.0,1,Rural,1,Regina
334,02/26/2019 11:12 AM,02/27/2019 04:38 PM,LP001504,Hombre,0,0,1,Si,6950.0,0.0,175.0,180.0,1,Semiurbana,1,Santiago
335,02/27/2019 08:53 AM,02/28/2019 02:01 PM,LP001275,Hombre,1,1,1,No,3988.0,0.0,50.0,240.0,1,Urbana,1,Regina
336,02/28/2019 09:12 AM,03/01/2019 01:10 PM,LP002953,Hombre,1,4,1,No,5703.0,0.0,128.0,360.0,1,Urbana,1,Regina
337,02/26/2019 08:46 AM,02/27/2019 05:34 PM,LP001532,Hombre,1,2,0,No,2281.0,0.0,113.0,360.0,1,Rural,0,
338,02/26/2019 08:40 AM,02/27/2019 12:39 PM,LP001279,Hombre,0,0,1,No,2366.0,2531.0,136.0,360.0,1,Semiurbana,1,Regina
339,02/26/2019 10:13 AM,02/27/2019 03:11 PM,LP002409,Hombre,1,0,1,No,7901.0,1833.0,180.0,360.0,1,Rural,1,Regina
340,02/27/2019 07:47 AM,02/28/2019 01:00 PM,LP002347,Hombre,1,0,1,No,3246.0,1417.0,138.0,360.0,1,Semiurbana,1,Pablo
341,02/28/2019 10:53 AM,03/01/2019 04:19 PM,LP002615,Hombre,1,2,1,No,4865.0,5624.0,208.0,360.0,1,Semiurbana,1,Dudley
342,02/26/2019 09:02 AM,02/27/2019 02:06 PM,LP002544,Hombre,1,1,0,No,1958.0,2436.0,131.0,360.0,1,Rural,1,Pablo
343,02/26/2019 09:09 AM,02/27/2019 03:51 PM,LP001164,Mujer,0,0,1,No,4230.0,0.0,112.0,360.0,1,Semiurbana,0,
344,02/26/2019 08:29 AM,02/27/2019 05:52 PM,LP001744,Hombre,0,0,1,No,2971.0,2791.0,144.0,360.0,1,Semiurbana,1,Santiago
345,02/26/2019 11:48 AM,02/27/2019 04:29 PM,LP001743,Hombre,1,2,1,No,4009.0,1717.0,116.0,360.0,1,Semiurbana,1,Regina
346,02/28/2019 11:10 AM,03/01/2019 12:10 PM,LP001273,Hombre,1,0,1,No,6000.0,2250.0,265.0,360.0,1,Semiurbana,0,
347,02/27/2019 10:07 AM,02/28/2019 12:24 PM,LP001910,Hombre,0,1,0,Si,4053.0,2426.0,158.0,360.0,0,Urbana,0,
348,02/27/2019 10:13 AM,02/28/2019 04:06 PM,LP001882,Hombre,1,4,1,No,4333.0,1811.0,160.0,360.0,0,Urbana,1,Ana
349,02/28/2019 09:59 AM,03/01/2019 03:20 PM,LP001841,Hombre,0,0,0,Si,2583.0,2167.0,104.0,360.0,1,Rural,1,Pablo
350,02/28/2019 09:05 AM,03/01/2019 02:40 PM,LP002602,Hombre,0,0,1,No,6283.0,4416.0,209.0,360.0,0,Rural,0,
351,02/27/2019 04:07 PM,02/26/2019 10:25 AM,LP002178,Hombre,1,0,1,No,3013.0,3033.0,95.0,300.0,1,Urbana,1,Regina
352,02/28/2019 10:08 AM,03/01/2019 05:56 PM,LP002308,Hombre,1,0,0,No,2167.0,2400.0,115.0,360.0,1,Urbana,1,Santiago
353,02/28/2019 09:06 AM,03/01/2019 04:50 PM,LP001606,Hombre,1,0,1,No,3497.0,1964.0,116.0,360.0,1,Rural,1,Pablo
354,02/28/2019 10:44 AM,03/01/2019 06:15 PM,LP001233,Hombre,1,1,1,No,10750.0,0.0,312.0,360.0,1,Urbana,1,Ana
355,02/28/2019 11:27 AM,03/01/2019 01:03 PM,LP001798,Hombre,1,2,1,No,5819.0,5000.0,120.0,360.0,1,Rural,1,Ana
356,02/27/2019 11:51 AM,02/28/2019 06:45 PM,LP002284,Hombre,0,0,0,No,3902.0,1666.0,109.0,360.0,1,Rural,1,Ana
357,02/28/2019 10:43 AM,03/01/2019 05:48 PM,LP001835,Hombre,1,0,0,No,1668.0,3890.0,201.0,360.0,0,Semiurbana,0,
358,02/28/2019 09:37 AM,03/01/2019 02:08 PM,LP001487,Hombre,0,0,1,No,4895.0,0.0,102.0,360.0,1,Semiurbana,1,Santiago
359,02/27/2019 08:12 AM,02/28/2019 06:07 PM,LP001736,Hombre,1,0,1,No,2221.0,0.0,60.0,360.0,0,Urbana,0,
360,02/27/2019 09:22 AM,02/28/2019 12:44 PM,LP001778,Hombre,1,1,1,No,3155.0,1779.0,140.0,360.0,1,Semiurbana,1,Ana
361,02/26/2019 08:09 AM,02/27/2019 03:45 PM,LP002197,Hombre,1,2,1,No,5185.0,0.0,155.0,360.0,1,Semiurbana,1,Regina
362,02/27/2019 08:45 AM,02/28/2019 02:17 PM,LP001195,Hombre,1,0,1,No,2132.0,1591.0,96.0,360.0,1,Semiurbana,1,Santiago
363,02/26/2019 11:35 AM,02/27/2019 04:07 PM,LP002489,Mujer,0,1,0,,5191.0,0.0,132.0,360.0,1,Semiurbana,1,Dudley
364,02/28/2019 08:56 AM,03/01/2019 12:41 PM,LP001068,Hombre,1,0,1,No,2799.0,2253.0,122.0,360.0,1,Semiurbana,1,Santiago
365,02/26/2019 10:14 AM,02/27/2019 05:08 PM,LP002587,Hombre,1,0,0,No,2600.0,1700.0,107.0,360.0,1,Rural,1,Pablo
366,02/28/2019 09:44 AM,03/01/2019 12:59 PM,LP001043,Hombre,1,0,0,No,7660.0,0.0,104.0,360.0,0,Urbana,0,
367,02/26/2019 08:48 AM,02/27/2019 03:33 PM,LP002453,Hombre,0,0,1,Si,7085.0,0.0,84.0,360.0,1,Semiurbana,1,Dudley
368,02/26/2019 09:58 AM,02/27/2019 06:38 PM,LP002130,Hombre,1,0,0,No,3523.0,3230.0,152.0,360.0,0,Rural,0,
369,02/28/2019 08:12 AM,03/01/2019 01:29 PM,LP002004,Hombre,0,0,0,No,2927.0,2405.0,111.0,360.0,1,Semiurbana,1,Ana
370,02/26/2019 07:41 AM,02/27/2019 02:53 PM,LP002560,Hombre,0,0,0,No,2699.0,2785.0,96.0,360.0,1,Semiurbana,1,Pablo
371,02/28/2019 08:05 AM,03/01/2019 02:10 PM,LP001385,Hombre,0,0,1,No,5316.0,0.0,136.0,360.0,1,Urbana,1,Santiago
372,02/28/2019 11:18 AM,03/01/2019 06:15 PM,LP002262,Hombre,1,4,1,No,9504.0,0.0,275.0,360.0,1,Rural,1,Pablo
373,02/28/2019 07:31 AM,03/01/2019 04:20 PM,LP002239,Hombre,0,0,0,No,2346.0,1600.0,132.0,360.0,1,Semiurbana,1,Pablo
374,02/27/2019 10:04 AM,02/28/2019 01:50 PM,LP002731,Mujer,0,0,0,Si,18165.0,0.0,125.0,360.0,1,Urbana,1,Santiago
375,02/27/2019 07:51 AM,02/28/2019 01:55 PM,LP002337,Mujer,0,0,1,No,2995.0,0.0,60.0,360.0,1,Urbana,1,Santiago
376,02/26/2019 11:45 AM,02/27/2019 05:31 PM,LP002979,Hombre,1,4,1,No,4106.0,0.0,40.0,180.0,1,Rural,1,Dudley
377,02/26/2019 07:19 AM,02/27/2019 05:21 PM,LP001535,Hombre,0,0,1,No,3254.0,0.0,50.0,360.0,1,Urbana,1,Santiago
378,02/27/2019 07:12 AM,02/28/2019 05:16 PM,LP002031,Hombre,1,1,0,No,3399.0,1640.0,111.0,180.0,1,Urbana,1,Santiago
379,02/27/2019 11:54 AM,02/28/2019 06:17 PM,LP002110,Hombre,1,1,1,,5250.0,688.0,160.0,360.0,1,Rural,1,Regina
380,02/28/2019 11:29 AM,03/01/2019 03:45 PM,LP001119,Hombre,0,0,1,No,3600.0,0.0,80.0,360.0,1,Urbana,0,
381,02/27/2019 10:11 AM,02/28/2019 05:40 PM,LP002813,Mujer,1,1,1,Si,19484.0,0.0,600.0,360.0,1,Semiurbana,1,Pablo
382,02/27/2019 11:57 AM,02/28/2019 05:18 PM,LP002229,Hombre,0,0,1,No,5941.0,4232.0,296.0,360.0,1,Semiurbana,1,Ana
383,02/26/2019 09:44 AM,02/27/2019 05:38 PM,LP001949,Hombre,1,4,1,,4416.0,1250.0,110.0,360.0,1,Urbana,1,Santiago
384,02/27/2019 09:52 AM,02/28/2019 05:50 PM,LP002530,,1,2,1,No,2873.0,1872.0,132.0,360.0,0,Semiurbana,0,
385,02/26/2019 10:49 AM,02/27/2019 06:30 PM,LP002140,Hombre,0,0,1,No,8750.0,4167.0,308.0,360.0,1,Rural,0,
386,02/26/2019 10:18 AM,02/27/2019 04:01 PM,LP001186,Mujer,1,1,1,Si,11500.0,0.0,286.0,360.0,0,Urbana,0,
387,02/27/2019 08:25 AM,02/28/2019 04:37 PM,LP001114,Hombre,0,0,1,No,4166.0,7210.0,184.0,360.0,1,Urbana,1,Santiago
388,02/28/2019 10:16 AM,03/01/2019 04:40 PM,LP002209,Mujer,0,0,1,,2764.0,1459.0,110.0,360.0,1,Urbana,1,Dudley
389,02/27/2019 09:27 AM,02/28/2019 01:35 PM,LP002128,Hombre,1,2,1,,2583.0,2330.0,125.0,360.0,1,Rural,1,Ana
390,02/26/2019 10:46 AM,02/27/2019 01:27 PM,LP001900,Hombre,1,1,1,No,2750.0,1842.0,115.0,360.0,1,Semiurbana,1,Regina
391,02/27/2019 08:21 AM,02/28/2019 05:14 PM,LP001343,Hombre,1,0,1,No,1759.0,3541.0,131.0,360.0,1,Semiurbana,1,Dudley
392,02/28/2019 11:00 AM,03/01/2019 02:24 PM,LP001936,Hombre,1,0,1,No,3075.0,2416.0,139.0,360.0,1,Rural,1,Regina
393,02/27/2019 08:42 AM,02/28/2019 01:00 PM,LP001720,Hombre,1,4,0,No,3850.0,983.0,100.0,360.0,1,Semiurbana,1,Santiago
394,02/27/2019 10:31 AM,02/28/2019 02:02 PM,LP001238,Hombre,1,4,0,Si,7100.0,0.0,125.0,60.0,1,Urbana,1,Pablo
395,02/27/2019 11:53 AM,02/28/2019 12:34 PM,LP001658,Hombre,0,0,1,No,3858.0,0.0,76.0,360.0,1,Semiurbana,1,Ana
396,02/27/2019 10:33 AM,02/28/2019 02:13 PM,LP001369,Hombre,1,2,1,No,11417.0,1126.0,225.0,360.0,1,Urbana,1,Ana
397,02/28/2019 10:44 AM,03/01/2019 12:10 PM,LP001998,Hombre,1,2,0,No,7667.0,0.0,185.0,360.0,1,Rural,1,Pablo
398,02/27/2019 08:11 AM,02/28/2019 01:02 PM,LP002537,Hombre,1,0,1,No,2083.0,3150.0,128.0,360.0,1,Semiurbana,1,Regina
399,02/27/2019 11:03 AM,02/28/2019 12:34 PM,LP002368,Hombre,1,2,1,No,5935.0,0.0,133.0,360.0,1,Semiurbana,1,Dudley
400,02/28/2019 08:54 AM,03/01/2019 05:40 PM,LP002772,Hombre,0,0,1,No,2526.0,1783.0,145.0,360.0,1,Rural,1,Ana
401,02/27/2019 10:38 AM,02/28/2019 02:39 PM,LP001926,Hombre,1,0,1,No,3704.0,2000.0,120.0,360.0,1,Rural,1,Santiago
402,02/28/2019 07:10 AM,03/01/2019 05:41 PM,LP001677,Hombre,0,2,1,No,4923.0,0.0,166.0,360.0,0,Semiurbana,1,Pablo
403,02/28/2019 07:13 AM,03/01/2019 01:21 PM,LP002296,Hombre,0,0,0,No,2755.0,0.0,65.0,300.0,1,Rural,0,
404,02/26/2019 08:58 AM,02/27/2019 02:13 PM,LP002467,Hombre,1,0,1,No,3708.0,2569.0,173.0,360.0,1,Urbana,0,
405,02/27/2019 08:54 AM,02/28/2019 12:52 PM,LP001871,Mujer,0,0,1,No,7200.0,0.0,120.0,360.0,1,Rural,1,Pablo
406,02/28/2019 09:22 AM,03/01/2019 04:56 PM,LP001543,Hombre,1,1,1,No,9538.0,0.0,187.0,360.0,1,Urbana,1,Pablo
407,02/28/2019 09:58 AM,03/01/2019 03:30 PM,LP002494,Hombre,0,0,1,No,6000.0,0.0,140.0,360.0,1,Rural,1,Ana
408,02/27/2019 10:49 AM,02/28/2019 02:05 PM,LP002697,Hombre,0,0,1,No,4680.0,2087.0,,360.0,1,Semiurbana,0,
409,02/26/2019 10:44 AM,02/27/2019 02:13 PM,LP002035,Hombre,1,2,1,No,3717.0,0.0,120.0,360.0,1,Semiurbana,1,Santiago
410,02/26/2019 07:56 AM,02/27/2019 06:01 PM,LP001974,Mujer,0,0,1,No,5000.0,0.0,132.0,360.0,1,Rural,1,Regina
411,02/27/2019 08:39 AM,02/28/2019 05:46 PM,LP002459,Hombre,1,0,1,No,4301.0,0.0,118.0,360.0,1,Urbana,1,Regina
412,02/26/2019 09:58 AM,02/27/2019 12:54 PM,LP002407,Mujer,1,0,0,Si,7142.0,0.0,138.0,360.0,1,Rural,1,Santiago
413,02/26/2019 10:14 AM,02/27/2019 04:59 PM,LP002536,Hombre,1,4,0,No,3095.0,0.0,113.0,360.0,1,Rural,1,Regina
414,02/28/2019 11:19 AM,03/01/2019 01:10 PM,LP001702,Hombre,0,0,1,No,3418.0,0.0,127.0,360.0,1,Semiurbana,0,
415,02/28/2019 08:32 AM,03/01/2019 12:18 PM,LP001006,Hombre,1,0,0,No,2583.0,2358.0,120.0,360.0,1,Urbana,1,Dudley
416,02/26/2019 11:23 AM,02/27/2019 02:20 PM,LP001585,,1,4,1,No,51763.0,0.0,700.0,300.0,1,Urbana,1,Santiago
417,02/27/2019 08:23 AM,02/28/2019 06:33 PM,LP001824,Hombre,1,1,1,No,2882.0,1843.0,123.0,480.0,1,Semiurbana,1,Dudley
418,02/27/2019 11:10 AM,02/28/2019 05:12 PM,LP002393,Mujer,1,0,1,No,10047.0,0.0,,240.0,1,Semiurbana,1,Regina
419,02/26/2019 07:17 AM,02/27/2019 04:35 PM,LP002277,Mujer,0,0,1,No,3180.0,0.0,71.0,360.0,0,Urbana,0,
420,02/26/2019 08:10 AM,02/27/2019 03:06 PM,LP002151,Hombre,1,1,1,No,3875.0,0.0,67.0,360.0,1,Urbana,0,
421,02/26/2019 07:12 AM,02/27/2019 03:28 PM,LP002682,Hombre,1,0,0,No,3074.0,1800.0,123.0,360.0,0,Semiurbana,0,
422,02/28/2019 10:58 AM,03/01/2019 06:18 PM,LP001116,Hombre,0,0,0,No,3748.0,1668.0,110.0,360.0,1,Semiurbana,1,Santiago
423,02/26/2019 07:16 AM,02/27/2019 03:12 PM,LP001198,Hombre,1,1,1,No,8080.0,2250.0,180.0,360.0,1,Urbana,1,Dudley
424,02/27/2019 10:53 AM,02/28/2019 04:57 PM,LP002699,Hombre,1,2,1,Si,17500.0,0.0,400.0,360.0,1,Rural,1,Dudley
425,02/26/2019 07:21 AM,02/27/2019 12:00 PM,LP001688,Hombre,1,1,0,No,3500.0,1083.0,135.0,360.0,1,Urbana,1,Dudley
426,02/27/2019 07:13 AM,02/28/2019 04:55 PM,LP001489,Mujer,1,0,1,No,4583.0,0.0,84.0,360.0,1,Rural,0,
427,02/28/2019 11:40 AM,03/01/2019 05:04 PM,LP002640,Hombre,1,1,1,No,6065.0,2004.0,250.0,360.0,1,Semiurbana,1,Santiago
428,02/27/2019 07:38 AM,02/28/2019 02:23 PM,LP001580,Hombre,1,2,1,No,8000.0,0.0,200.0,360.0,1,Semiurbana,1,Regina
429,02/26/2019 08:32 AM,02/27/2019 03:58 PM,LP002785,Hombre,1,1,1,No,3333.0,3250.0,158.0,360.0,1,Urbana,1,Pablo
430,02/26/2019 07:14 AM,02/27/2019 04:32 PM,LP001993,Mujer,0,0,1,No,3762.0,1666.0,135.0,360.0,1,Rural,1,Santiago
431,02/27/2019 10:20 AM,02/28/2019 02:32 PM,LP001356,Hombre,1,0,1,No,4652.0,3583.0,,360.0,1,Semiurbana,1,Regina
432,02/27/2019 09:05 AM,02/28/2019 04:36 PM,LP001482,Hombre,1,0,1,Si,3459.0,0.0,25.0,120.0,1,Semiurbana,1,Ana
433,02/27/2019 10:15 AM,02/28/2019 12:05 PM,LP002265,Hombre,1,2,0,No,1993.0,1625.0,113.0,180.0,1,Semiurbana,1,Santiago
434,02/28/2019 08:29 AM,03/01/2019 12:06 PM,LP001507,Hombre,1,0,1,No,2698.0,2034.0,122.0,360.0,1,Semiurbana,1,Regina
435,02/28/2019 11:35 AM,03/01/2019 02:45 PM,LP001716,Hombre,1,0,1,No,3173.0,3021.0,137.0,360.0,1,Urbana,1,Regina
436,02/26/2019 10:55 AM,02/27/2019 04:14 PM,LP002387,Hombre,1,0,1,No,2425.0,2340.0,143.0,360.0,1,Semiurbana,1,Ana
437,02/27/2019 10:28 AM,02/28/2019 06:26 PM,LP001814,Hombre,1,2,1,No,9703.0,0.0,112.0,360.0,1,Urbana,1,Santiago
438,02/28/2019 10:10 AM,03/01/2019 01:25 PM,LP002317,Hombre,1,4,1,No,81000.0,0.0,360.0,360.0,0,Rural,0,
439,02/27/2019 07:34 AM,02/28/2019 04:53 PM,LP001345,Hombre,1,2,0,No,4288.0,3263.0,133.0,180.0,1,Urbana,1,Regina
440,02/27/2019 11:10 AM,02/28/2019 02:28 PM,LP001594,Hombre,1,0,1,No,5708.0,5625.0,187.0,360.0,1,Semiurbana,1,Ana
441,02/28/2019 10:29 AM,03/01/2019 03:59 PM,LP001041,Hombre,1,0,1,,2600.0,3500.0,115.0,,1,Urbana,1,Regina
442,02/28/2019 09:39 AM,03/01/2019 06:27 PM,LP001692,Mujer,0,0,0,No,4408.0,0.0,120.0,360.0,1,Semiurbana,1,Santiago
443,02/27/2019 10:17 AM,02/28/2019 03:16 PM,LP002138,Hombre,1,0,1,No,2625.0,6250.0,187.0,360.0,1,Rural,1,Pablo
444,02/28/2019 10:53 AM,03/01/2019 04:53 PM,LP001028,Hombre,1,2,1,No,3073.0,8106.0,200.0,360.0,1,Urbana,1,Regina
445,02/27/2019 09:43 AM,02/28/2019 12:37 PM,LP002945,Hombre,1,0,1,Si,9963.0,0.0,180.0,360.0,1,Rural,1,Ana
446,02/27/2019 11:01 AM,02/28/2019 04:59 PM,LP002960,Hombre,1,0,0,No,2400.0,3800.0,,180.0,1,Urbana,0,
447,02/26/2019 11:21 AM,02/27/2019 03:33 PM,LP001248,Hombre,0,0,1,No,3500.0,0.0,81.0,300.0,1,Semiurbana,1,Ana
448,02/26/2019 08:32 AM,02/27/2019 03:02 PM,LP002693,Hombre,1,2,1,Si,7948.0,7166.0,480.0,360.0,1,Rural,1,Santiago
449,02/28/2019 08:37 AM,03/01/2019 02:22 PM,LP001213,Hombre,1,1,1,No,4945.0,0.0,,360.0,0,Rural,0,
450,02/26/2019 10:14 AM,02/27/2019 04:53 PM,LP001610,Hombre,1,4,1,No,5516.0,11300.0,495.0,360.0,0,Semiurbana,0,
451,02/28/2019 08:58 AM,03/01/2019 06:16 PM,LP001765,Hombre,1,1,1,No,2491.0,2054.0,104.0,360.0,1,Semiurbana,1,Pablo
452,02/27/2019 10:19 AM,02/28/2019 03:32 PM,LP002729,Hombre,0,1,1,No,11250.0,0.0,196.0,360.0,1,Semiurbana,0,
453,02/26/2019 09:22 AM,02/27/2019 04:07 PM,LP002101,Hombre,1,0,1,,63337.0,0.0,490.0,180.0,1,Urbana,1,Pablo
454,02/28/2019 07:27 AM,03/01/2019 05:40 PM,LP002949,Mujer,0,4,1,,416.0,41667.0,350.0,180.0,1,Urbana,0,
455,02/26/2019 10:10 AM,02/27/2019 12:25 PM,LP002129,Hombre,1,0,1,No,2499.0,2458.0,160.0,360.0,1,Semiurbana,1,Regina
456,02/28/2019 10:38 AM,03/01/2019 03:26 PM,LP001498,Hombre,0,0,1,No,5417.0,0.0,168.0,360.0,1,Urbana,1,Regina
457,02/27/2019 11:56 AM,02/28/2019 06:38 PM,LP002753,Mujer,0,1,1,,3652.0,0.0,95.0,360.0,1,Semiurbana,1,Pablo
458,02/26/2019 07:15 AM,02/27/2019 01:48 PM,LP002366,Hombre,1,0,1,No,2666.0,4300.0,121.0,360.0,1,Rural,1,Regina
459,02/26/2019 11:05 AM,02/27/2019 12:13 PM,LP001264,Hombre,1,4,0,Si,3333.0,2166.0,130.0,360.0,1,Semiurbana,1,Pablo
460,02/26/2019 07:15 AM,02/27/2019 03:42 PM,LP001644,,1,0,1,Si,674.0,5296.0,168.0,360.0,1,Rural,1,Dudley
461,02/28/2019 11:14 AM,03/01/2019 03:12 PM,LP001492,Hombre,0,0,1,No,14999.0,0.0,242.0,360.0,0,Semiurbana,0,
462,02/28/2019 11:17 AM,03/01/2019 06:30 PM,LP001194,Hombre,1,2,1,No,2708.0,1167.0,97.0,360.0,1,Semiurbana,1,Dudley
463,03/01/2019 04:17 PM,02/28/2019 07:28 AM,LP001265,Mujer,0,0,1,No,3846.0,0.0,111.0,360.0,1,Semiurbana,1,Dudley
464,02/26/2019 07:29 AM,02/27/2019 06:01 PM,LP001422,Mujer,0,0,1,No,10408.0,0.0,259.0,360.0,1,Urbana,1,Ana
465,02/27/2019 09:55 AM,02/28/2019 06:44 PM,LP002926,Hombre,1,2,1,Si,2726.0,0.0,106.0,360.0,0,Semiurbana,0,
466,02/27/2019 10:01 AM,02/28/2019 12:14 PM,LP001750,Hombre,1,0,1,No,6250.0,0.0,128.0,360.0,1,Semiurbana,1,Dudley
467,02/26/2019 09:39 AM,02/27/2019 05:43 PM,LP002068,Hombre,0,0,1,No,4917.0,0.0,130.0,360.0,0,Rural,1,Dudley
468,02/26/2019 08:55 AM,02/27/2019 12:37 PM,LP002533,Hombre,1,2,1,No,2947.0,1603.0,,360.0,1,Urbana,0,
469,02/26/2019 07:48 AM,02/27/2019 04:48 PM,LP002449,Hombre,1,0,1,No,2483.0,2466.0,90.0,180.0,0,Rural,1,Pablo
470,02/26/2019 10:04 AM,02/27/2019 05:45 PM,LP002717,Hombre,1,0,1,No,1025.0,5500.0,216.0,360.0,1,Rural,1,Ana
471,02/28/2019 09:58 AM,03/01/2019 01:19 PM,LP002555,Hombre,1,2,1,Si,4583.0,2083.0,160.0,360.0,1,Semiurbana,1,Dudley
472,02/28/2019 09:12 AM,03/01/2019 12:24 PM,LP002266,Hombre,1,2,1,No,3100.0,1400.0,113.0,360.0,1,Urbana,1,Dudley
473,02/27/2019 07:59 AM,02/28/2019 03:01 PM,LP001024,Hombre,1,2,1,No,3200.0,700.0,70.0,360.0,1,Urbana,1,Dudley
474,02/28/2019 11:22 AM,03/01/2019 05:12 PM,LP001398,Hombre,0,0,1,,5050.0,0.0,118.0,360.0,1,Semiurbana,1,Regina
475,02/26/2019 11:58 AM,02/27/2019 05:10 PM,LP002522,Mujer,0,0,1,Si,2500.0,0.0,93.0,360.0,1,Urbana,1,Dudley
476,02/27/2019 07:51 AM,02/28/2019 05:44 PM,LP001581,Hombre,1,0,0,,1820.0,1769.0,95.0,360.0,1,Rural,1,Santiago
477,02/26/2019 07:01 AM,02/27/2019 06:07 PM,LP001894,Hombre,1,0,1,No,2620.0,2223.0,150.0,360.0,1,Semiurbana,1,Regina
478,02/27/2019 11:53 AM,02/28/2019 05:28 PM,LP002361,Hombre,1,0,1,No,1820.0,1719.0,100.0,360.0,1,Urbana,1,Santiago
479,02/28/2019 09:05 AM,03/01/2019 06:58 PM,LP002224,Hombre,0,0,1,No,3069.0,0.0,71.0,480.0,1,Urbana,0,
480,02/26/2019 08:58 AM,02/27/2019 02:49 PM,LP001491,Hombre,1,2,1,Si,3316.0,3500.0,88.0,360.0,1,Urbana,1,Regina
481,02/26/2019 09:30 AM,02/27/2019 12:38 PM,LP002377,Mujer,0,1,1,Si,8624.0,0.0,150.0,360.0,1,Semiurbana,1,Ana
482,02/28/2019 10:50 AM,03/01/2019 05:37 PM,LP001473,Hombre,0,0,1,No,2014.0,1929.0,74.0,360.0,1,Urbana,1,Regina
483,02/27/2019 09:33 AM,02/28/2019 01:39 PM,LP001199,Hombre,1,2,0,No,3357.0,2859.0,144.0,360.0,1,Urbana,1,Dudley
484,02/28/2019 10:05 AM,03/01/2019 03:44 PM,LP001157,Mujer,0,0,1,No,3086.0,0.0,120.0,360.0,1,Semiurbana,1,Dudley
485,02/26/2019 10:15 AM,02/27/2019 05:56 PM,LP001488,Hombre,1,4,1,No,4000.0,7750.0,290.0,360.0,1,Semiurbana,0,
486,02/28/2019 08:38 AM,03/01/2019 02:29 PM,LP001316,Hombre,1,0,1,No,2958.0,2900.0,131.0,360.0,1,Semiurbana,1,Dudley
487,02/28/2019 05:50 PM,02/27/2019 10:28 AM,LP002337,Mujer,0,0,1,No,2995.0,0.0,60.0,360.0,1,Urbana,1,Dudley
488,02/27/2019 07:20 AM,02/28/2019 03:07 PM,LP002959,Mujer,1,1,1,No,12000.0,0.0,496.0,360.0,1,Semiurbana,1,Dudley
489,02/27/2019 11:49 AM,02/28/2019 06:03 PM,LP002515,Hombre,1,1,1,Si,3450.0,2079.0,162.0,360.0,1,Semiurbana,1,Pablo
490,02/28/2019 09:03 AM,03/01/2019 01:58 PM,LP002263,Hombre,1,0,1,No,2583.0,2115.0,120.0,360.0,1,Urbana,1,Ana
491,02/27/2019 08:05 AM,02/28/2019 06:29 PM,LP001225,Hombre,1,0,1,No,5726.0,4595.0,258.0,360.0,1,Semiurbana,0,
492,02/28/2019 10:15 AM,03/01/2019 04:44 PM,LP002098,Hombre,0,0,1,No,2935.0,0.0,98.0,360.0,1,Semiurbana,1,Pablo
493,02/26/2019 09:36 AM,02/27/2019 06:30 PM,LP002950,Hombre,1,0,0,,2894.0,2792.0,155.0,360.0,1,Rural,1,Santiago
494,02/26/2019 09:08 AM,02/27/2019 02:14 PM,LP002237,Hombre,0,1,1,,3667.0,0.0,113.0,180.0,1,Urbana,1,Regina
495,02/27/2019 09:58 AM,02/28/2019 03:10 PM,LP002637,Hombre,0,0,0,No,3598.0,1287.0,100.0,360.0,1,Rural,0,
496,02/26/2019 11:30 AM,02/27/2019 03:04 PM,LP001384,Hombre,1,4,0,No,2071.0,754.0,94.0,480.0,1,Semiurbana,1,Dudley
497,02/27/2019 10:13 AM,02/28/2019 01:43 PM,LP001469,Hombre,0,0,1,Si,20166.0,0.0,650.0,480.0,1,Urbana,1,Dudley
498,02/27/2019 07:31 AM,02/28/2019 02:18 PM,LP001326,Hombre,0,0,1,,6782.0,0.0,,360.0,1,Urbana,0,
499,02/28/2019 09:03 AM,03/01/2019 01:33 PM,LP002928,Hombre,1,0,1,No,3000.0,3416.0,56.0,180.0,1,Semiurbana,1,Regina
500,02/27/2019 11:40 AM,02/28/2019 01:00 PM,LP001289,Hombre,0,0,1,No,8566.0,0.0,210.0,360.0,1,Urbana,1,Regina
501,02/27/2019 07:28 AM,02/28/2019 12:59 PM,LP002335,Mujer,1,0,0,No,2149.0,3237.0,178.0,360.0,0,Semiurbana,0,
502,03/01/2019 12:40 PM,02/28/2019 07:47 AM,LP001825,Hombre,1,0,1,No,1809.0,1868.0,90.0,360.0,1,Urbana,1,Dudley
503,02/26/2019 08:51 AM,02/27/2019 05:09 PM,LP002740,Hombre,1,4,1,No,6417.0,0.0,157.0,180.0,1,Rural,1,Ana
504,02/28/2019 07:37 AM,03/01/2019 04:11 PM,LP002974,Hombre,1,0,1,No,3232.0,1950.0,108.0,360.0,1,Rural,1,Regina
505,02/27/2019 11:19 AM,02/28/2019 01:47 PM,LP002142,Mujer,1,0,1,Si,5500.0,0.0,105.0,360.0,0,Rural,0,
506,02/26/2019 07:37 AM,02/27/2019 01:54 PM,LP001357,Hombre,1,0,1,No,3816.0,754.0,160.0,360.0,1,Urbana,1,Ana
507,02/27/2019 08:52 AM,02/28/2019 03:13 PM,LP002487,Hombre,1,0,1,No,3015.0,2188.0,153.0,360.0,1,Rural,1,Ana
508,02/28/2019 10:31 AM,03/01/2019 03:44 PM,LP001018,Hombre,1,2,1,No,4006.0,1526.0,168.0,360.0,1,Urbana,1,Regina
509,02/28/2019 07:13 AM,03/01/2019 06:55 PM,LP001405,Hombre,1,1,1,No,2214.0,1398.0,85.0,360.0,1,Urbana,1,Pablo
510,02/27/2019 07:24 AM,02/28/2019 06:31 PM,LP001322,Hombre,0,0,1,No,4133.0,0.0,122.0,360.0,1,Semiurbana,1,Regina
511,02/28/2019 08:59 AM,03/01/2019 04:08 PM,LP002734,Hombre,1,0,1,No,6133.0,3906.0,324.0,360.0,1,Urbana,1,Regina
512,02/26/2019 09:14 AM,02/27/2019 02:57 PM,LP001616,Hombre,1,1,1,No,3750.0,0.0,116.0,360.0,1,Semiurbana,1,Ana
513,02/28/2019 09:48 AM,03/01/2019 05:24 PM,LP002180,Hombre,0,0,1,Si,6822.0,0.0,141.0,360.0,1,Rural,1,Dudley
514,02/28/2019 10:25 AM,03/01/2019 01:17 PM,LP002862,Hombre,1,2,0,No,6125.0,1625.0,187.0,480.0,1,Semiurbana,0,
515,02/26/2019 07:21 AM,02/27/2019 01:14 PM,LP002100,Hombre,0,0,1,No,2833.0,0.0,71.0,360.0,1,Urbana,1,Dudley
516,02/27/2019 11:37 AM,02/28/2019 06:55 PM,LP002348,Hombre,1,0,1,No,5829.0,0.0,138.0,360.0,1,Rural,1,Regina
517,02/27/2019 10:21 AM,02/28/2019 01:21 PM,LP002784,Hombre,1,1,0,No,2492.0,2375.0,,360.0,1,Rural,1,Dudley
518,02/26/2019 10:17 AM,02/27/2019 03:07 PM,LP002794,Mujer,0,0,1,No,2667.0,1625.0,84.0,360.0,1,Urbana,1,Dudley
519,02/26/2019 10:46 AM,02/27/2019 06:49 PM,LP002369,Hombre,1,0,1,No,2920.0,16.12000084,87.0,360.0,1,Rural,1,Ana
520,02/28/2019 11:51 AM,03/01/2019 06:54 PM,LP001699,Hombre,0,0,1,No,2479.0,0.0,59.0,360.0,1,Urbana,1,Dudley
521,02/28/2019 08:05 AM,03/01/2019 06:32 PM,LP001334,Hombre,1,0,0,No,4188.0,0.0,115.0,180.0,1,Semiurbana,1,Dudley
522,02/27/2019 08:34 AM,02/28/2019 12:59 PM,LP002191,Hombre,1,0,1,No,19730.0,5266.0,570.0,360.0,1,Rural,0,
523,02/28/2019 10:15 AM,03/01/2019 05:12 PM,LP002534,Mujer,0,0,0,No,4350.0,0.0,154.0,360.0,1,Rural,1,Santiago
524,02/28/2019 09:50 AM,03/01/2019 04:33 PM,LP001529,Hombre,1,0,1,Si,2577.0,3750.0,152.0,360.0,1,Rural,1,Pablo
525,02/28/2019 07:59 AM,03/01/2019 06:38 PM,LP001666,Hombre,0,0,1,No,8333.0,3750.0,187.0,360.0,1,Rural,1,Pablo
526,02/28/2019 09:30 AM,03/01/2019 05:34 PM,LP002126,Hombre,1,4,0,No,3173.0,0.0,74.0,360.0,1,Semiurbana,1,Regina
527,02/28/2019 08:24 AM,03/01/2019 02:53 PM,LP001030,Hombre,1,2,1,No,1299.0,1086.0,17.0,120.0,1,Urbana,1,Ana
528,02/28/2019 09:37 AM,03/01/2019 06:33 PM,LP001536,Hombre,1,4,1,No,39999.0,0.0,600.0,180.0,0,Semiurbana,1,Regina
529,02/27/2019 09:06 AM,02/28/2019 01:53 PM,LP001947,Hombre,1,0,1,No,2383.0,3334.0,172.0,360.0,1,Semiurbana,1,Regina
530,02/26/2019 08:46 AM,02/27/2019 05:34 PM,LP001029,Hombre,0,0,1,No,1853.0,2840.0,114.0,360.0,1,Rural,0,
531,02/26/2019 08:26 AM,02/27/2019 01:47 PM,LP001634,Hombre,0,0,1,No,1916.0,5063.0,67.0,360.0,1,Rural,0,
532,02/27/2019 08:15 AM,02/28/2019 12:05 PM,LP002868,Hombre,1,2,1,No,3159.0,461.0,108.0,84.0,1,Urbana,1,Ana
533,02/26/2019 10:06 AM,02/27/2019 02:47 PM,LP001586,Hombre,1,4,0,No,3522.0,0.0,81.0,180.0,1,Rural,0,
534,02/27/2019 09:41 AM,02/28/2019 12:22 PM,LP001749,Hombre,1,0,1,No,7578.0,1010.0,175.0,,1,Semiurbana,1,Pablo
535,02/26/2019 11:57 AM,02/27/2019 12:09 PM,LP002940,Hombre,0,0,0,No,3833.0,0.0,110.0,360.0,1,Rural,1,Pablo
536,02/27/2019 08:40 AM,02/28/2019 02:54 PM,LP002738,Hombre,0,2,1,No,3617.0,0.0,107.0,360.0,1,Semiurbana,1,Regina
537,02/26/2019 11:44 AM,02/27/2019 04:26 PM,LP002409,Hombre,1,0,1,No,7901.0,1833.0,180.0,360.0,1,Rural,1,Santiago
538,02/27/2019 10:42 AM,02/28/2019 01:35 PM,LP002502,Mujer,1,2,0,,210.0,2917.0,98.0,360.0,1,Semiurbana,1,Ana
539,02/26/2019 11:48 AM,02/27/2019 04:23 PM,LP002288,Hombre,1,2,0,No,2889.0,0.0,45.0,180.0,0,Urbana,0,
540,02/28/2019 08:18 AM,03/01/2019 05:30 PM,LP001034,Hombre,0,1,0,No,3596.0,0.0,100.0,240.0,1,Urbana,1,Santiago
541,02/27/2019 09:30 AM,02/28/2019 03:01 PM,LP001123,Hombre,1,0,1,No,2400.0,0.0,75.0,360.0,1,Urbana,1,Ana
542,02/26/2019 11:02 AM,02/27/2019 01:32 PM,LP001770,Hombre,0,0,0,No,3189.0,2598.0,120.0,,1,Rural,1,Dudley
543,02/28/2019 11:48 AM,03/01/2019 01:53 PM,LP001020,Hombre,1,1,1,No,12841.0,10968.0,349.0,360.0,1,Semiurbana,0,
544,02/27/2019 07:04 AM,02/28/2019 02:37 PM,LP001691,Hombre,1,2,0,No,3917.0,0.0,124.0,360.0,1,Semiurbana,1,Ana
545,02/28/2019 11:23 AM,03/01/2019 04:53 PM,LP001843,Hombre,1,1,0,No,2661.0,7101.0,279.0,180.0,1,Semiurbana,1,Santiago
546,02/28/2019 11:46 AM,03/01/2019 04:39 PM,LP001137,Mujer,0,0,1,No,3410.0,0.0,88.0,,1,Urbana,1,Pablo
547,02/27/2019 08:47 AM,02/28/2019 03:44 PM,LP001552,Hombre,1,0,1,No,4583.0,5625.0,255.0,360.0,1,Semiurbana,1,Pablo
548,02/27/2019 11:48 AM,02/28/2019 01:22 PM,LP001907,Hombre,1,0,1,No,14583.0,0.0,436.0,360.0,1,Semiurbana,1,Santiago
549,02/26/2019 08:06 AM,02/27/2019 12:25 PM,LP001868,Hombre,0,0,1,No,2060.0,2209.0,134.0,360.0,1,Semiurbana,1,Regina
550,02/27/2019 08:30 AM,02/28/2019 06:22 PM,LP002720,Hombre,1,4,1,No,4281.0,0.0,100.0,360.0,1,Urbana,1,Pablo
551,02/26/2019 10:29 AM,02/27/2019 05:25 PM,LP001011,Hombre,1,2,1,Si,5417.0,4196.0,267.0,360.0,1,Urbana,1,Regina
552,02/27/2019 08:22 AM,02/28/2019 01:04 PM,LP002894,Mujer,1,0,1,No,3166.0,0.0,36.0,360.0,1,Semiurbana,1,Pablo
553,02/27/2019 10:40 AM,02/28/2019 01:10 PM,LP002315,Hombre,1,1,1,No,8300.0,0.0,152.0,300.0,0,Semiurbana,0,
554,02/28/2019 10:32 AM,03/01/2019 02:20 PM,LP002225,Hombre,1,2,1,No,5391.0,0.0,130.0,360.0,1,Urbana,1,Ana
555,02/26/2019 09:48 AM,02/27/2019 01:28 PM,LP002807,Hombre,1,2,0,No,3675.0,242.0,108.0,360.0,1,Semiurbana,1,Pablo
556,02/26/2019 11:18 AM,02/27/2019 04:14 PM,LP001664,Hombre,0,0,1,No,4191.0,0.0,120.0,360.0,1,Rural,1,Santiago
